timestamp,temperature,feels_like,pressure,humidity,dew_point,uvi,clouds,visibility,wind_speed,wind_deg,weather_id,weather_main,weather_description,Time,Pressure_self_corrected,Pressure_self
1759284000,15.2,15.18,1021,92,13.91,,75,10000,6.17,210,500,Rain,light rain,2025-10-01 03:00:00+01:00,1021.0,
1759291200,15.43,15.4,1021,91,13.97,,75,10000,7.2,220,500,Rain,light rain,2025-10-01 05:00:00+01:00,1021.0,
1759298400,15.2,15.02,1021,86,12.88,,75,10000,7.72,220,803,Clouds,broken clouds,2025-10-01 07:00:00+01:00,1021.0,
1759305600,15.19,14.98,1022,85,12.69,,75,10000,10.29,210,803,Clouds,broken clouds,2025-10-01 09:00:00+01:00,1021.4611993526241,1018.4778279142855
1759312800,16.81,16.71,1022,83,13.91,,75,10000,7.72,210,803,Clouds,broken clouds,2025-10-01 11:00:00+01:00,1022.0,
1759320000,18.03,17.93,1022,78,14.14,,75,10000,10.8,210,803,Clouds,broken clouds,2025-10-01 13:00:00+01:00,1022.0,
1759327200,18.73,18.67,1022,77,14.62,,75,10000,7.72,210,803,Clouds,broken clouds,2025-10-01 15:00:00+01:00,1022.0,
1759334400,18.16,18.04,1021,77,14.07,,75,10000,8.23,210,803,Clouds,broken clouds,2025-10-01 17:00:00+01:00,1023.0130181137187,1020.0366245545456
1759341600,17.78,17.6,1021,76,13.5,,75,10000,6.17,210,803,Clouds,broken clouds,2025-10-01 19:00:00+01:00,1021.0,
1759348800,15.64,15.4,1021,82,12.58,,20,10000,8.23,210,801,Clouds,few clouds,2025-10-01 21:00:00+01:00,1021.0,
1759356000,15.19,14.88,1021,81,11.95,,75,10000,7.2,220,500,Rain,light rain,2025-10-01 23:00:00+01:00,1021.0,
1759363200,16.01,15.62,1020,75,11.59,,75,10000,8.75,210,500,Rain,light rain,2025-10-02 01:00:00+01:00,1020.0,
1759370400,15.18,14.95,1019,84,12.5,,75,10000,7.2,210,501,Rain,moderate rain,2025-10-02 03:00:00+01:00,1019.0,
1759377600,15.47,15.24,1019,83,12.6,,75,10000,8.23,200,500,Rain,light rain,2025-10-02 05:00:00+01:00,1019.0,
1759384800,15.76,15.56,1018,83,12.88,,75,10000,8.23,210,500,Rain,light rain,2025-10-02 07:00:00+01:00,1018.0,
1759392000,16.68,16.57,1017,83,13.78,,75,10000,7.2,200,500,Rain,light rain,2025-10-02 09:00:00+01:00,1017.0,
1759399200,16.36,16.19,1016,82,13.28,,75,10000,7.72,200,500,Rain,light rain,2025-10-02 11:00:00+01:00,1015.5368117075809,1012.5268007787612
1759406400,17.65,17.3,1014,70,12.12,,75,10000,6.17,180,803,Clouds,broken clouds,2025-10-02 13:00:00+01:00,1014.0,
1759413600,16.69,16.45,1011,78,12.84,,75,10000,9.26,190,500,Rain,light rain,2025-10-02 15:00:00+01:00,1011.0,
1759420800,16.13,15.89,1008,80,12.68,,75,10000,11.83,200,500,Rain,light rain,2025-10-02 17:00:00+01:00,1009.8589044947464,1006.8233623947372
1759428000,16.44,16.33,1006,84,13.73,,75,10000,11.32,200,500,Rain,light rain,2025-10-02 19:00:00+01:00,1006.0,
1759435200,16.84,16.96,1005,91,15.36,,75,10000,9.77,220,501,Rain,moderate rain,2025-10-02 21:00:00+01:00,1005.0,
1759442400,16.17,16.17,1005,89,14.36,,40,10000,6.17,230,500,Rain,light rain,2025-10-02 23:00:00+01:00,1005.0,
1759449600,15.25,15.1,1006,87,13.1,,75,10000,8.75,240,803,Clouds,broken clouds,2025-10-03 01:00:00+01:00,1006.0,
1759456800,14.0,13.7,1006,86,11.7,,20,10000,7.2,240,801,Clouds,few clouds,2025-10-03 03:00:00+01:00,1006.0,
1759464000,13.08,12.66,1006,85,10.62,,75,10000,5.66,220,803,Clouds,broken clouds,2025-10-03 05:00:00+01:00,1006.0,
1759471200,12.92,12.46,1005,84,10.28,,75,10000,5.14,210,803,Clouds,broken clouds,2025-10-03 07:00:00+01:00,1005.0,
1759478400,12.76,12.23,1003,82,9.77,,75,10000,4.12,190,310,Drizzle,light intensity drizzle rain,2025-10-03 09:00:00+01:00,1003.5795616255019,1000.51578395
1759485600,11.84,11.48,997,92,10.58,,75,6000,5.66,140,310,Drizzle,light intensity drizzle rain,2025-10-03 11:00:00+01:00,997.0,
1759492800,17.36,17.48,991,89,15.53,,75,7000,15.95,200,500,Rain,light rain,2025-10-03 13:00:00+01:00,991.0,
1759500000,19.26,19.38,986,82,16.11,,75,10000,16.46,210,500,Rain,light rain,2025-10-03 15:00:00+01:00,986.0,
1759507200,18.19,18.05,985,76,13.89,,75,10000,16.46,240,520,Rain,light intensity shower rain,2025-10-03 17:00:00+01:00,985.0,
1759514400,13.16,12.72,989,84,10.52,,75,7000,14.92,250,520,Rain,light intensity shower rain,2025-10-03 19:00:00+01:00,989.0,
1759521600,11.61,10.92,991,80,8.28,,75,10000,11.83,250,520,Rain,light intensity shower rain,2025-10-03 21:00:00+01:00,991.0,
1759528800,11.84,11.01,991,74,7.36,,75,10000,11.83,240,500,Rain,light rain,2025-10-03 23:00:00+01:00,991.0,
1759536000,11.17,10.33,991,76,7.1,,40,10000,10.29,240,802,Clouds,scattered clouds,2025-10-04 01:00:00+01:00,991.0,
1759543200,9.68,5.62,992,80,6.4,,75,10000,10.8,240,500,Rain,light rain,2025-10-04 03:00:00+01:00,992.0,
1759550400,9.92,5.65,993,79,6.45,,75,10000,12.35,250,520,Rain,light intensity shower rain,2025-10-04 05:00:00+01:00,993.0,
1759557600,9.41,4.7,993,76,5.4,,75,10000,13.89,240,520,Rain,light intensity shower rain,2025-10-04 07:00:00+01:00,992.0936761238135,988.9782512307689
1759564800,9.22,4.27,994,82,6.31,,75,6000,14.92,260,500,Rain,light rain,2025-10-04 09:00:00+01:00,994.0,
1759572000,9.68,5.07,998,88,7.79,,75,10000,13.89,260,501,Rain,moderate rain,2025-10-04 11:00:00+01:00,998.0,
1759579200,11.61,10.99,1000,83,8.82,,75,10000,12.86,270,803,Clouds,broken clouds,2025-10-04 13:00:00+01:00,1000.0,
1759586400,14.0,13.36,1002,73,9.24,,75,10000,11.32,270,500,Rain,light rain,2025-10-04 15:00:00+01:00,1002.0,
1759593600,12.12,11.55,1005,83,9.32,,75,10000,9.26,270,501,Rain,moderate rain,2025-10-04 17:00:00+01:00,1005.0,
1759600800,10.57,9.9,1007,85,8.16,,20,10000,12.35,290,501,Rain,moderate rain,2025-10-04 19:00:00+01:00,1007.0,
1759608000,10.82,10.12,1009,83,8.05,,20,10000,10.8,270,801,Clouds,few clouds,2025-10-04 21:00:00+01:00,1009.0,
1759615200,11.06,10.31,1011,80,7.75,,40,10000,11.18,270,802,Clouds,scattered clouds,2025-10-04 23:00:00+01:00,1011.0,
1759622400,10.7,9.94,1012,81,7.58,,40,10000,10.29,270,500,Rain,light rain,2025-10-05 01:00:00+01:00,1012.0,
1759629600,10.69,9.9,1013,80,7.39,,40,10000,9.77,260,802,Clouds,scattered clouds,2025-10-05 03:00:00+01:00,1013.0,
1759636800,10.7,10.02,1014,84,8.11,,75,10000,7.72,270,500,Rain,light rain,2025-10-05 05:00:00+01:00,1014.0,
1759644000,9.87,6.09,1015,90,8.31,,75,10000,9.77,250,310,Drizzle,light intensity drizzle rain,2025-10-05 07:00:00+01:00,1015.0,
1759651200,10.7,10.1,1017,87,8.63,,75,10000,8.75,270,803,Clouds,broken clouds,2025-10-05 09:00:00+01:00,1017.6673652654708,1014.6669345438596
1759658400,12.22,11.53,1018,78,8.5,,40,10000,8.75,260,802,Clouds,scattered clouds,2025-10-05 11:00:00+01:00,1018.0,
1759665600,14.23,13.59,1019,72,9.26,,75,10000,10.8,270,500,Rain,light rain,2025-10-05 13:00:00+01:00,1019.0,
1759672800,14.85,14.19,1020,69,9.22,,75,10000,7.72,260,803,Clouds,broken clouds,2025-10-05 15:00:00+01:00,1020.0,
1759680000,14.13,13.53,1020,74,9.57,,75,10000,8.23,250,803,Clouds,broken clouds,2025-10-05 17:00:00+01:00,1020.0,
1759687200,13.59,13.02,1021,77,9.64,,75,10000,6.69,250,803,Clouds,broken clouds,2025-10-05 19:00:00+01:00,1021.0,
1759694400,12.93,12.39,1022,81,9.75,,75,10000,6.69,240,803,Clouds,broken clouds,2025-10-05 21:00:00+01:00,1019.7722819622738,1016.7813161696438
1759701600,12.51,11.98,1021,83,9.7,,75,10000,8.23,230,500,Rain,light rain,2025-10-05 23:00:00+01:00,1021.0,
1759708800,12.8,12.28,1021,82,9.81,,75,10000,7.72,230,803,Clouds,broken clouds,2025-10-06 01:00:00+01:00,1021.0,
1759716000,12.93,12.34,1021,79,9.38,,75,10000,7.2,230,803,Clouds,broken clouds,2025-10-06 03:00:00+01:00,1021.0,
1759723200,12.7,12.14,1021,81,9.53,,20,10000,8.75,220,801,Clouds,few clouds,2025-10-06 05:00:00+01:00,1021.0,
1759730400,12.7,12.14,1021,81,9.53,,75,10000,8.23,230,803,Clouds,broken clouds,2025-10-06 07:00:00+01:00,1021.0,
1759737600,14.09,13.46,1022,73,9.33,,20,10000,6.69,230,801,Clouds,few clouds,2025-10-06 09:00:00+01:00,1022.0,
1759744800,16.52,15.87,1022,63,9.46,,20,10000,6.17,220,801,Clouds,few clouds,2025-10-06 11:00:00+01:00,1022.0,
1759752000,18.61,17.88,1022,52,8.57,,40,10000,6.17,230,802,Clouds,scattered clouds,2025-10-06 13:00:00+01:00,1022.0564382055513,1019.0757433070864
1759759200,19.11,18.38,1021,50,8.45,,40,10000,7.2,230,802,Clouds,scattered clouds,2025-10-06 15:00:00+01:00,1021.0,
1759766400,18.31,17.71,1021,58,9.91,,40,10000,4.63,220,802,Clouds,scattered clouds,2025-10-06 17:00:00+01:00,1021.0,
1759773600,16.04,15.61,1020,73,11.21,,75,10000,5.66,230,803,Clouds,broken clouds,2025-10-06 19:00:00+01:00,1020.1251418507795,1017.1357627213114
1759780800,14.89,14.37,1020,74,10.3,,75,10000,6.17,220,803,Clouds,broken clouds,2025-10-06 21:00:00+01:00,1020.0,
1759788000,14.34,13.76,1021,74,9.77,,75,10000,7.72,230,803,Clouds,broken clouds,2025-10-06 23:00:00+01:00,1021.0,
1759795200,13.74,13.13,1020,75,9.39,,20,10000,8.23,230,801,Clouds,few clouds,2025-10-07 01:00:00+01:00,1020.0,
1759802400,13.95,13.36,1020,75,9.6,,75,10000,6.69,230,803,Clouds,broken clouds,2025-10-07 03:00:00+01:00,1020.0,
1759809600,14.01,13.53,1020,79,10.43,,75,10000,7.2,210,803,Clouds,broken clouds,2025-10-07 05:00:00+01:00,1020.0,
1759816800,14.37,13.93,1020,79,10.78,,75,10000,8.23,220,803,Clouds,broken clouds,2025-10-07 07:00:00+01:00,1020.0,
1759824000,15.04,14.64,1020,78,11.24,,75,10000,6.69,220,803,Clouds,broken clouds,2025-10-07 09:00:00+01:00,1020.0,
1759831200,15.53,15.28,1021,82,12.47,,75,6000,6.69,220,300,Drizzle,light intensity drizzle,2025-10-07 11:00:00+01:00,1021.0,
1759838400,16.53,16.33,1021,80,13.07,,75,10000,6.69,220,803,Clouds,broken clouds,2025-10-07 13:00:00+01:00,1020.7664588910786,1017.7799634957981
1759845600,16.81,16.69,1021,82,13.72,,75,10000,6.69,220,803,Clouds,broken clouds,2025-10-07 15:00:00+01:00,1021.0,
1759852800,15.8,15.73,1020,88,13.82,,75,10000,5.66,220,803,Clouds,broken clouds,2025-10-07 17:00:00+01:00,1020.7653616201576,1017.7788612909096
1759860000,14.64,14.54,1022,91,13.19,,75,10000,5.14,330,500,Rain,light rain,2025-10-07 19:00:00+01:00,1022.0,
1759867200,12.93,12.65,1023,91,11.5,,75,10000,3.09,310,803,Clouds,broken clouds,2025-10-07 21:00:00+01:00,1023.0,
1759874400,12.32,11.85,1024,86,10.05,,75,10000,2.57,290,803,Clouds,broken clouds,2025-10-07 23:00:00+01:00,1024.0,
1759881600,10.52,9.79,1024,83,7.76,,75,10000,2.57,310,803,Clouds,broken clouds,2025-10-08 01:00:00+01:00,1024.0,
1759888800,8.17,5.96,1025,87,6.14,,75,10000,3.6,270,803,Clouds,broken clouds,2025-10-08 03:00:00+01:00,1025.0,
1759896000,9.24,7.55,1024,83,6.51,,75,10000,3.09,280,803,Clouds,broken clouds,2025-10-08 05:00:00+01:00,1024.0,
1759903200,9.26,7.29,1025,76,5.25,,75,10000,3.6,270,803,Clouds,broken clouds,2025-10-08 07:00:00+01:00,1025.0,
1759910400,10.38,9.51,1025,78,6.72,,75,10000,4.12,240,803,Clouds,broken clouds,2025-10-08 09:00:00+01:00,1025.0,
1759917600,12.66,11.89,1026,73,7.95,,40,10000,5.66,240,802,Clouds,scattered clouds,2025-10-08 11:00:00+01:00,1026.0,
1759924800,14.2,13.5,1025,70,8.81,,40,10000,6.69,280,802,Clouds,scattered clouds,2025-10-08 13:00:00+01:00,1024.9904468989569,1022.0229450090094
1759932000,15.17,14.44,1025,65,8.64,,40,10000,7.2,280,802,Clouds,scattered clouds,2025-10-08 15:00:00+01:00,1025.0,
1759939200,14.89,14.18,1025,67,8.83,,75,10000,7.72,270,803,Clouds,broken clouds,2025-10-08 17:00:00+01:00,1027.1564189115193,1024.1986564907409
1759946400,13.35,12.62,1026,72,8.41,,75,10000,5.66,260,803,Clouds,broken clouds,2025-10-08 19:00:00+01:00,1026.0,
1759953600,12.52,11.73,1027,73,7.82,,75,10000,6.17,240,803,Clouds,broken clouds,2025-10-08 21:00:00+01:00,1027.0,
1759960800,11.84,11.06,1027,76,7.75,,75,10000,6.69,270,803,Clouds,broken clouds,2025-10-08 23:00:00+01:00,1027.0,
1759968000,11.53,10.88,1027,82,8.57,,75,10000,5.66,240,803,Clouds,broken clouds,2025-10-09 01:00:00+01:00,1027.0,
1759975200,11.53,10.88,1027,82,8.57,,75,10000,5.66,240,803,Clouds,broken clouds,2025-10-09 03:00:00+01:00,1027.0,
1759982400,11.53,10.88,1027,82,8.57,,75,10000,5.66,240,803,Clouds,broken clouds,2025-10-09 05:00:00+01:00,1027.0,
1759989600,11.53,10.88,1028,82,8.57,,75,10000,5.66,270,803,Clouds,broken clouds,2025-10-09 07:00:00+01:00,1028.0,
1759996800,11.59,11.05,1029,86,9.33,,75,10000,4.12,240,300,Drizzle,light intensity drizzle,2025-10-09 09:00:00+01:00,1029.0,
1760004000,12.99,12.49,1029,82,9.99,,75,10000,5.66,270,803,Clouds,broken clouds,2025-10-09 11:00:00+01:00,1029.4769371294767,1026.5296091074383
1760011200,14.75,14.29,1030,77,10.76,,75,10000,5.66,240,803,Clouds,broken clouds,2025-10-09 13:00:00+01:00,1030.0,
1760018400,15.59,15.19,1030,76,11.38,,100,10000,6.17,270,804,Clouds,overcast clouds,2025-10-09 15:00:00+01:00,1030.0,
1760025600,14.92,14.5,1030,78,11.12,,75,10000,5.66,290,803,Clouds,broken clouds,2025-10-09 17:00:00+01:00,1030.0,
1760032800,14.01,13.63,1031,83,11.17,,75,10000,3.6,270,300,Drizzle,light intensity drizzle,2025-10-09 19:00:00+01:00,1029.512138165372,1026.5649684276527
1760040000,13.16,12.83,1032,88,11.22,,75,8000,2.57,220,310,Drizzle,light intensity drizzle rain,2025-10-09 21:00:00+01:00,1032.0,
1760047200,12.92,12.54,1033,87,10.81,,75,10000,3.6,230,803,Clouds,broken clouds,2025-10-09 23:00:00+01:00,1033.0,
1760054400,12.2,11.64,1033,83,9.4,,75,10000,4.12,280,803,Clouds,broken clouds,2025-10-10 01:00:00+01:00,1033.0,
1760061600,11.36,10.82,1033,87,9.28,,75,10000,3.58,280,803,Clouds,broken clouds,2025-10-10 03:00:00+01:00,1033.0,
1760068800,11.23,10.5,1033,80,7.91,,75,10000,3.6,260,803,Clouds,broken clouds,2025-10-10 05:00:00+01:00,1033.0,
1760076000,10.47,9.66,1035,80,7.17,,75,10000,4.63,250,803,Clouds,broken clouds,2025-10-10 07:00:00+01:00,1035.0,
1760083200,10.54,9.63,1035,76,6.49,,75,10000,5.14,300,803,Clouds,broken clouds,2025-10-10 09:00:00+01:00,1034.889548230918,1031.9665584545455
1760090400,10.41,9.54,1036,78,6.74,,75,10000,3.6,300,803,Clouds,broken clouds,2025-10-10 11:00:00+01:00,1036.0,
1760097600,11.92,11.13,1036,75,7.63,,75,10000,4.12,290,803,Clouds,broken clouds,2025-10-10 13:00:00+01:00,1036.0,
1760104800,11.76,10.95,1035,75,7.48,,75,10000,4.12,290,803,Clouds,broken clouds,2025-10-10 15:00:00+01:00,1035.0,
1760112000,11.53,10.75,1035,77,7.64,,75,10000,4.12,290,803,Clouds,broken clouds,2025-10-10 17:00:00+01:00,1033.9606767240252,1031.0335102014394
1760119200,10.75,10.0,1035,81,7.63,,75,10000,2.57,270,803,Clouds,broken clouds,2025-10-10 19:00:00+01:00,1035.0,
1760126400,11.04,10.24,1036,78,7.36,,75,10000,1.54,0,803,Clouds,broken clouds,2025-10-10 21:00:00+01:00,1036.0,
1760133600,10.3,9.5,1036,81,7.19,,100,10000,1.54,260,804,Clouds,overcast clouds,2025-10-10 23:00:00+01:00,1036.0,
1760140800,10.04,9.27,1036,83,7.29,,75,10000,2.57,300,803,Clouds,broken clouds,2025-10-11 01:00:00+01:00,1036.0,
1760148000,9.56,8.63,1036,82,6.64,,100,10000,2.06,260,804,Clouds,overcast clouds,2025-10-11 03:00:00+01:00,1036.0,
1760155200,9.2,7.83,1036,84,6.64,,100,10000,2.57,300,804,Clouds,overcast clouds,2025-10-11 05:00:00+01:00,1036.0,
1760162400,9.41,7.75,1036,82,6.5,,100,10000,3.09,320,804,Clouds,overcast clouds,2025-10-11 07:00:00+01:00,1036.0,
1760169600,9.34,8.23,1036,82,6.43,,100,10000,2.24,280,804,Clouds,overcast clouds,2025-10-11 09:00:00+01:00,1036.0,
1760176800,9.57,8.27,1037,81,6.47,,100,10000,2.57,320,804,Clouds,overcast clouds,2025-10-11 11:00:00+01:00,1037.0,
1760184000,10.41,9.52,1036,77,6.56,,100,10000,1.03,0,804,Clouds,overcast clouds,2025-10-11 13:00:00+01:00,1035.071418090911,1032.1492461071432
1760191200,11.24,10.33,1036,73,6.58,,100,10000,2.06,350,804,Clouds,overcast clouds,2025-10-11 15:00:00+01:00,1036.0,
1760198400,10.41,9.52,1035,77,6.56,,100,10000,2.57,320,804,Clouds,overcast clouds,2025-10-11 17:00:00+01:00,1035.0,
1760205600,10.3,9.42,1035,78,6.64,,100,10000,1.54,0,804,Clouds,overcast clouds,2025-10-11 19:00:00+01:00,1035.0,
1760212800,10.09,9.22,1036,79,6.62,,100,10000,1.54,0,804,Clouds,overcast clouds,2025-10-11 21:00:00+01:00,1036.0,
1760220000,9.95,9.55,1036,80,6.66,,100,10000,1.54,0,804,Clouds,overcast clouds,2025-10-11 23:00:00+01:00,1036.0,
1760227200,9.34,8.37,1035,86,7.12,,100,10000,2.06,70,804,Clouds,overcast clouds,2025-10-12 01:00:00+01:00,1035.0,
1760234400,9.34,8.37,1034,86,7.12,,100,10000,2.06,80,804,Clouds,overcast clouds,2025-10-12 03:00:00+01:00,1034.0,
1760241600,9.57,8.5,1034,87,7.52,,100,10000,2.24,340,804,Clouds,overcast clouds,2025-10-12 05:00:00+01:00,1034.0,
1760248800,9.95,9.09,1034,85,7.55,,100,10000,2.06,320,804,Clouds,overcast clouds,2025-10-12 07:00:00+01:00,1034.0,
1760256000,10.15,9.52,1034,88,8.25,,100,10000,2.57,240,804,Clouds,overcast clouds,2025-10-12 09:00:00+01:00,1034.0,
1760263200,11.52,10.87,1034,82,8.56,,75,10000,2.57,30,803,Clouds,broken clouds,2025-10-12 11:00:00+01:00,1034.0,
1760270400,12.29,11.72,1033,82,9.31,,75,10000,3.6,80,803,Clouds,broken clouds,2025-10-12 13:00:00+01:00,1033.0,
1760277600,12.29,11.64,1032,79,8.76,,75,10000,4.12,80,803,Clouds,broken clouds,2025-10-12 15:00:00+01:00,1030.8218438837887,1027.8805633442619
1760284800,12.76,12.13,1032,78,9.03,,75,10000,4.12,100,803,Clouds,broken clouds,2025-10-12 17:00:00+01:00,1032.0,
1760292000,11.53,10.91,1032,83,8.75,,75,10000,4.12,100,803,Clouds,broken clouds,2025-10-12 19:00:00+01:00,1032.0,
1760299200,11.84,11.22,1031,82,8.87,,75,10000,2.57,100,803,Clouds,broken clouds,2025-10-12 21:00:00+01:00,1031.0,
1760306400,11.52,11.0,1031,87,9.43,,75,10000,3.6,100,803,Clouds,broken clouds,2025-10-12 23:00:00+01:00,1031.0,
1760313600,11.53,11.04,1031,88,9.61,,75,10000,3.09,90,803,Clouds,broken clouds,2025-10-13 01:00:00+01:00,1031.0,
1760320800,11.53,11.11,1030,91,10.11,,75,10000,2.57,90,803,Clouds,broken clouds,2025-10-13 03:00:00+01:00,1030.0,
1760328000,11.53,11.04,1030,88,9.61,,75,10000,2.06,90,803,Clouds,broken clouds,2025-10-13 05:00:00+01:00,1030.0,
1760335200,11.24,10.74,1030,89,9.5,,75,10000,1.03,0,803,Clouds,broken clouds,2025-10-13 07:00:00+01:00,1030.0,
1760342400,10.42,9.82,1030,88,8.52,,75,8000,2.57,280,803,Clouds,broken clouds,2025-10-13 09:00:00+01:00,1030.8131442965816,1027.871824638655
1760349600,12.36,11.79,1031,82,9.38,,75,10000,2.57,130,803,Clouds,broken clouds,2025-10-13 11:00:00+01:00,1031.0,
1760356800,13.35,12.91,1030,83,10.53,,75,10000,3.09,140,803,Clouds,broken clouds,2025-10-13 13:00:00+01:00,1030.0,
1760364000,13.5,13.07,1030,83,10.67,,75,10000,3.58,150,803,Clouds,broken clouds,2025-10-13 15:00:00+01:00,1030.0,
1760371200,13.5,13.07,1030,83,10.67,,75,10000,2.57,110,803,Clouds,broken clouds,2025-10-13 17:00:00+01:00,1030.1626450535164,1027.2184003728812
1760378400,12.99,12.62,1030,87,10.88,,75,10000,3.09,110,803,Clouds,broken clouds,2025-10-13 19:00:00+01:00,1030.0,
1760385600,12.78,12.46,1031,90,11.18,,75,10000,2.57,110,803,Clouds,broken clouds,2025-10-13 21:00:00+01:00,1031.0,
1760392800,12.78,12.49,1031,91,11.35,,75,10000,2.24,140,300,Drizzle,light intensity drizzle,2025-10-13 23:00:00+01:00,1031.0,
1760400000,12.78,12.49,1031,91,11.35,,75,10000,1.54,0,803,Clouds,broken clouds,2025-10-14 01:00:00+01:00,1031.0,
1760407200,12.2,11.9,1031,93,11.1,,75,10000,2.06,90,803,Clouds,broken clouds,2025-10-14 03:00:00+01:00,1031.0,
1760414400,12.04,11.78,1031,95,11.26,,75,8000,1.54,80,300,Drizzle,light intensity drizzle,2025-10-14 05:00:00+01:00,1031.0,
1760421600,12.25,12.01,1031,95,11.47,,75,7000,2.57,30,300,Drizzle,light intensity drizzle,2025-10-14 07:00:00+01:00,1031.0,
1760428800,12.25,12.04,1032,96,11.63,,75,5000,2.06,360,300,Drizzle,light intensity drizzle,2025-10-14 09:00:00+01:00,1031.3303000830626,1028.3913058581559
1760436000,12.43,12.18,1033,94,11.49,,75,10000,2.24,360,300,Drizzle,light intensity drizzle,2025-10-14 11:00:00+01:00,1033.0,
1760443200,13.27,13.0,1032,90,11.67,,75,10000,2.06,70,300,Drizzle,light intensity drizzle,2025-10-14 13:00:00+01:00,1032.0,
1760450400,13.27,12.98,1032,89,11.5,,100,10000,2.68,80,804,Clouds,overcast clouds,2025-10-14 15:00:00+01:00,1032.0,
1760457600,13.27,12.98,1032,89,11.5,,75,10000,2.57,90,803,Clouds,broken clouds,2025-10-14 17:00:00+01:00,1032.1315104929954,1029.196118975806
1760464800,12.78,12.49,1032,91,11.35,,75,7000,2.57,40,300,Drizzle,light intensity drizzle,2025-10-14 19:00:00+01:00,1032.0,
1760472000,12.04,11.75,1032,94,11.1,,75,6000,2.57,30,300,Drizzle,light intensity drizzle,2025-10-14 21:00:00+01:00,1032.0,
1760479200,11.53,11.19,1032,94,10.6,,75,8000,3.6,50,300,Drizzle,light intensity drizzle,2025-10-14 23:00:00+01:00,1032.0,
1760486400,11.7,11.35,1033,93,10.61,,75,8000,2.57,50,300,Drizzle,light intensity drizzle,2025-10-15 01:00:00+01:00,1033.0,
1760493600,11.24,10.9,1032,95,10.47,,75,4000,2.06,30,300,Drizzle,light intensity drizzle,2025-10-15 03:00:00+01:00,1032.0,
1760500800,11.84,11.48,1032,92,10.58,,75,5000,2.57,40,300,Drizzle,light intensity drizzle,2025-10-15 05:00:00+01:00,1032.0,
1760508000,11.11,10.76,1032,95,10.34,,75,10000,2.57,40,300,Drizzle,light intensity drizzle,2025-10-15 07:00:00+01:00,1032.0,
1760515200,10.64,10.16,1032,92,9.4,,75,10000,3.09,30,803,Clouds,broken clouds,2025-10-15 09:00:00+01:00,1032.2650384560613,1029.330247358209
1760522400,12.04,11.57,1032,87,9.95,,75,10000,3.58,20,803,Clouds,broken clouds,2025-10-15 11:00:00+01:00,1032.0,
1760529600,11.58,11.07,1032,87,9.49,,75,10000,2.57,30,803,Clouds,broken clouds,2025-10-15 13:00:00+01:00,1032.0,
1760536800,12.64,12.07,1031,81,9.47,,100,10000,3.09,60,804,Clouds,overcast clouds,2025-10-15 15:00:00+01:00,1031.0,
1760544000,12.25,11.7,1030,83,9.45,,100,10000,4.12,80,804,Clouds,overcast clouds,2025-10-15 17:00:00+01:00,1030.6308792018742,1027.6887399741377
1760551200,11.53,11.01,1031,87,9.44,,100,10000,3.6,90,804,Clouds,overcast clouds,2025-10-15 19:00:00+01:00,1031.0,
1760558400,11.55,10.95,1030,84,8.94,,100,10000,3.6,90,804,Clouds,overcast clouds,2025-10-15 21:00:00+01:00,1030.0,
1760565600,10.64,10.01,1031,86,8.4,,100,10000,4.12,90,804,Clouds,overcast clouds,2025-10-15 23:00:00+01:00,1031.0,
1760572800,10.9,10.21,1030,83,8.13,,100,10000,3.6,100,804,Clouds,overcast clouds,2025-10-16 01:00:00+01:00,1030.0,
1760580000,10.9,10.24,1029,84,8.31,,100,10000,2.06,150,804,Clouds,overcast clouds,2025-10-16 03:00:00+01:00,1029.0,
1760587200,10.69,10.03,1029,85,8.27,,100,10000,1.54,90,804,Clouds,overcast clouds,2025-10-16 05:00:00+01:00,1029.0,
1760594400,10.69,10.09,1029,87,8.62,,100,10000,1.03,0,804,Clouds,overcast clouds,2025-10-16 07:00:00+01:00,1029.0,
1760601600,11.03,10.36,1029,83,8.26,,100,10000,1.79,80,804,Clouds,overcast clouds,2025-10-16 09:00:00+01:00,1029.0,
1760608800,11.36,10.8,1029,86,9.1,,100,10000,2.06,60,804,Clouds,overcast clouds,2025-10-16 11:00:00+01:00,1028.624936459593,1025.6737773473048
1760616000,12.2,11.62,1029,82,9.22,,100,10000,2.57,70,804,Clouds,overcast clouds,2025-10-16 13:00:00+01:00,1029.0,
1760623200,12.43,11.74,1028,77,8.51,,75,10000,2.57,50,803,Clouds,broken clouds,2025-10-16 15:00:00+01:00,1028.0,
1760630400,12.2,11.51,1028,78,8.48,,100,10000,1.54,0,804,Clouds,overcast clouds,2025-10-16 17:00:00+01:00,1027.8021634610354,1024.8473046830984
1760637600,11.36,10.8,1028,86,9.1,,100,10000,2.57,60,804,Clouds,overcast clouds,2025-10-16 19:00:00+01:00,1028.0,
1760644800,11.7,11.01,1028,80,8.37,,100,10000,2.57,150,804,Clouds,overcast clouds,2025-10-16 21:00:00+01:00,1028.0,
1760652000,11.68,10.99,1028,80,8.35,,100,10000,3.6,130,804,Clouds,overcast clouds,2025-10-16 23:00:00+01:00,1028.0,
1760659200,11.13,10.44,1027,82,8.18,,100,10000,3.09,130,804,Clouds,overcast clouds,2025-10-17 01:00:00+01:00,1027.0,
1760666400,11.44,10.78,1027,82,8.48,,100,10000,2.06,120,804,Clouds,overcast clouds,2025-10-17 03:00:00+01:00,1027.0,
1760673600,11.35,10.68,1026,82,8.39,,100,10000,2.24,90,804,Clouds,overcast clouds,2025-10-17 05:00:00+01:00,1026.0,
1760680800,11.13,10.47,1026,83,8.36,,100,10000,3.6,100,804,Clouds,overcast clouds,2025-10-17 07:00:00+01:00,1026.0,
1760688000,11.55,10.82,1026,79,8.04,,75,10000,2.24,100,803,Clouds,broken clouds,2025-10-17 09:00:00+01:00,1026.166585709566,1023.2043724233579
1760695200,13.05,12.32,1026,73,8.33,,40,10000,3.09,100,802,Clouds,scattered clouds,2025-10-17 11:00:00+01:00,1026.0,
1760702400,14.12,13.6,1026,77,10.15,,75,10000,3.6,100,803,Clouds,broken clouds,2025-10-17 13:00:00+01:00,1026.0,
1760709600,13.58,13.08,1025,80,10.2,,75,10000,5.14,100,803,Clouds,broken clouds,2025-10-17 15:00:00+01:00,1025.0,
1760716800,12.78,12.33,1024,85,10.32,,75,10000,4.63,100,803,Clouds,broken clouds,2025-10-17 17:00:00+01:00,1024.0,
1760724000,12.92,12.51,1024,86,10.64,,75,10000,3.6,80,803,Clouds,broken clouds,2025-10-17 19:00:00+01:00,1022.3910403421129,1019.4118500093458
1760731200,12.82,12.3,1024,82,9.83,,75,10000,3.6,100,803,Clouds,broken clouds,2025-10-17 21:00:00+01:00,1024.0,
1760738400,12.6,11.95,1023,78,8.87,,75,10000,5.14,110,803,Clouds,broken clouds,2025-10-17 23:00:00+01:00,1023.0,
1760745600,13.2,12.77,1022,84,10.56,,75,10000,3.09,110,803,Clouds,broken clouds,2025-10-18 01:00:00+01:00,1022.0,
1760752800,13.84,13.5,1021,85,11.36,,75,10000,5.14,130,803,Clouds,broken clouds,2025-10-18 03:00:00+01:00,1021.0,
1760760000,13.44,12.98,1020,82,10.43,,75,10000,6.69,150,803,Clouds,broken clouds,2025-10-18 05:00:00+01:00,1020.0,
1760767200,13.6,13.18,1019,83,10.77,,75,10000,6.17,150,803,Clouds,broken clouds,2025-10-18 07:00:00+01:00,1019.0,
1760774400,13.44,13.14,1019,88,11.49,,75,10000,6.17,150,803,Clouds,broken clouds,2025-10-18 09:00:00+01:00,1019.0,
1760781600,14.52,14.17,1018,82,11.49,,75,10000,7.2,150,500,Rain,light rain,2025-10-18 11:00:00+01:00,1018.0,
1760788800,14.52,14.12,1017,80,11.11,,75,10000,7.2,150,803,Clouds,broken clouds,2025-10-18 13:00:00+01:00,1017.0,
1760796000,13.84,13.47,1015,84,11.19,,75,10000,7.72,150,310,Drizzle,light intensity drizzle rain,2025-10-18 15:00:00+01:00,1015.0,
1760803200,13.6,13.21,1013,84,10.95,,75,10000,6.69,150,500,Rain,light rain,2025-10-18 17:00:00+01:00,1013.0,
1760810400,13.84,13.32,1012,78,10.07,,75,10000,8.23,150,500,Rain,light rain,2025-10-18 19:00:00+01:00,1012.0,
1760817600,12.52,12.13,1010,88,10.59,,75,8000,9.77,150,500,Rain,light rain,2025-10-18 21:00:00+01:00,1010.0,
1760824800,12.36,12.03,1007,91,10.93,,75,6000,9.26,150,500,Rain,light rain,2025-10-18 23:00:00+01:00,1007.0,
1760832000,12.52,12.23,1006,92,11.26,,75,10000,9.77,150,500,Rain,light rain,2025-10-19 01:00:00+01:00,1006.0,
1760839200,12.52,12.26,1003,93,11.42,,75,5000,9.77,150,300,Drizzle,light intensity drizzle,2025-10-19 03:00:00+01:00,1003.0,
1760846400,13.2,13.03,1000,94,12.26,,75,4000,8.75,140,501,Rain,moderate rain,2025-10-19 05:00:00+01:00,1000.0,
1760853600,14.0,13.96,997,96,13.37,,75,3500,8.23,140,502,Rain,heavy intensity rain,2025-10-19 07:00:00+01:00,997.0,
1760860800,14.28,14.22,995,94,13.33,,75,4000,9.26,150,501,Rain,moderate rain,2025-10-19 09:00:00+01:00,994.6855489625635,991.5817786363639
1760868000,14.68,14.71,993,96,14.05,,75,5000,8.75,150,310,Drizzle,light intensity drizzle rain,2025-10-19 11:00:00+01:00,993.0,
1760875200,16.18,16.36,992,96,15.54,,75,10000,4.63,140,500,Rain,light rain,2025-10-19 13:00:00+01:00,992.0,
1760882400,15.09,15.03,991,91,13.63,,75,10000,5.66,230,500,Rain,light rain,2025-10-19 15:00:00+01:00,989.4630066000664,986.335752687732
1760889600,16.44,16.18,990,78,12.6,,20,10000,5.14,230,500,Rain,light rain,2025-10-19 17:00:00+01:00,990.0,
1760896800,13.12,12.71,990,85,10.66,,40,10000,4.63,200,802,Clouds,scattered clouds,2025-10-19 19:00:00+01:00,990.0,
1760904000,11.44,10.86,990,85,9.01,,20,10000,3.58,190,801,Clouds,few clouds,2025-10-19 21:00:00+01:00,990.0,
1760911200,11.88,11.37,989,86,9.62,,40,10000,4.63,160,802,Clouds,scattered clouds,2025-10-19 23:00:00+01:00,989.0,
1760918400,12.52,12.23,988,92,11.26,,75,10000,2.57,130,803,Clouds,broken clouds,2025-10-20 01:00:00+01:00,988.0,
1760925600,12.52,12.23,986,92,11.26,,75,10000,3.6,90,520,Rain,light intensity shower rain,2025-10-20 03:00:00+01:00,986.0,
1760932800,12.52,12.31,985,95,11.74,,75,8000,3.6,100,520,Rain,light intensity shower rain,2025-10-20 05:00:00+01:00,985.0,
1760940000,12.92,12.77,985,96,12.3,,75,7000,3.6,80,520,Rain,light intensity shower rain,2025-10-20 07:00:00+01:00,985.0,
1760947200,12.99,12.77,985,93,11.89,,75,10000,3.09,80,520,Rain,light intensity shower rain,2025-10-20 09:00:00+01:00,985.0,
1760954400,14.0,13.94,986,95,13.21,,75,8000,3.6,70,520,Rain,light intensity shower rain,2025-10-20 11:00:00+01:00,985.2775372908588,982.1314630756498
1760961600,14.65,14.68,987,96,14.02,,75,6000,3.09,320,520,Rain,light intensity shower rain,2025-10-20 13:00:00+01:00,987.0,
1760968800,13.84,13.73,988,94,12.89,,75,9000,4.63,310,520,Rain,light intensity shower rain,2025-10-20 15:00:00+01:00,988.0,
1760976000,13.44,13.24,988,92,12.17,,40,10000,4.63,300,500,Rain,light rain,2025-10-20 17:00:00+01:00,990.6978703199953,987.5761690727263
1760983200,11.6,11.22,989,92,10.35,,20,10000,3.6,250,500,Rain,light rain,2025-10-20 19:00:00+01:00,989.0,
1760990400,11.49,11.12,990,93,10.4,,75,10000,4.12,240,803,Clouds,broken clouds,2025-10-20 21:00:00+01:00,990.0,
1760997600,11.61,11.23,990,92,10.36,,75,10000,5.66,240,803,Clouds,broken clouds,2025-10-20 23:00:00+01:00,990.0,
1761004800,11.17,10.8,989,94,10.24,,75,10000,5.66,230,300,Drizzle,light intensity drizzle,2025-10-21 01:00:00+01:00,989.0,
1761012000,11.84,11.48,989,92,10.58,,75,10000,5.66,230,500,Rain,light rain,2025-10-21 03:00:00+01:00,989.0,
1761019200,11.84,11.43,988,90,10.25,,75,10000,6.17,240,500,Rain,light rain,2025-10-21 05:00:00+01:00,988.0,
1761026400,11.84,11.46,989,91,10.42,,75,10000,5.66,240,500,Rain,light rain,2025-10-21 07:00:00+01:00,989.0,
1761033600,11.53,11.14,989,92,10.28,,75,10000,7.72,250,500,Rain,light rain,2025-10-21 09:00:00+01:00,989.0,
1761040800,12.76,12.36,990,87,10.65,,75,10000,7.72,260,310,Drizzle,light intensity drizzle rain,2025-10-21 11:00:00+01:00,990.0,
1761048000,13.35,12.91,990,83,10.53,,75,10000,9.26,270,500,Rain,light rain,2025-10-21 13:00:00+01:00,989.2556265903916,986.1274401769913
1761055200,13.2,12.66,991,80,9.83,,75,10000,8.23,280,803,Clouds,broken clouds,2025-10-21 15:00:00+01:00,991.0,
1761062400,12.92,12.28,992,77,8.99,,75,10000,7.72,290,500,Rain,light rain,2025-10-21 17:00:00+01:00,992.0,
1761069600,11.57,10.92,993,82,8.61,,40,10000,5.14,260,802,Clouds,scattered clouds,2025-10-21 19:00:00+01:00,991.7543344513008,988.637383680851
1761076800,10.49,9.81,995,85,8.08,,75,10000,5.66,270,500,Rain,light rain,2025-10-21 21:00:00+01:00,995.0,
1761084000,10.09,9.4,995,86,7.86,,75,10000,5.14,260,500,Rain,light rain,2025-10-21 23:00:00+01:00,995.0,
1761091200,10.09,9.37,996,85,7.69,,75,10000,5.66,230,803,Clouds,broken clouds,2025-10-22 01:00:00+01:00,996.0,
1761098400,8.73,5.95,996,88,6.86,,40,10000,5.14,240,802,Clouds,scattered clouds,2025-10-22 03:00:00+01:00,996.0,
1761105600,8.09,5.14,996,90,6.55,,40,10000,5.14,240,802,Clouds,scattered clouds,2025-10-22 05:00:00+01:00,996.0,
1761112800,8.08,6.15,996,91,6.7,,40,10000,3.09,220,500,Rain,light rain,2025-10-22 07:00:00+01:00,996.0,
1761120000,7.04,4.3,996,91,5.67,,40,10000,4.12,210,802,Clouds,scattered clouds,2025-10-22 09:00:00+01:00,996.5903466326143,993.4951413839282
1761127200,11.36,10.59,996,78,7.67,,20,10000,4.63,220,801,Clouds,few clouds,2025-10-22 11:00:00+01:00,996.0,
1761134400,12.81,12.0,995,71,7.69,,20,10000,4.12,220,500,Rain,light rain,2025-10-22 13:00:00+01:00,995.0,
1761141600,14.31,13.36,993,60,6.66,,20,10000,3.09,200,500,Rain,light rain,2025-10-22 15:00:00+01:00,993.0,
1761148800,13.35,12.54,992,69,7.79,,20,10000,2.57,140,500,Rain,light rain,2025-10-22 17:00:00+01:00,992.0,
1761156000,10.34,9.47,990,78,6.68,,20,10000,2.68,150,500,Rain,light rain,2025-10-22 19:00:00+01:00,990.0,
1761163200,7.47,6.96,989,86,5.28,,0,10000,1.34,110,800,Clear,clear sky,2025-10-22 21:00:00+01:00,989.0,
1761170400,6.4,6.4,988,89,4.72,,0,10000,1.03,0,800,Clear,clear sky,2025-10-22 23:00:00+01:00,988.0,
1761177600,5.55,2.47,988,93,4.51,,75,10000,4.12,350,803,Clouds,broken clouds,2025-10-23 01:00:00+01:00,988.0,
1761184800,6.78,3.98,988,92,5.57,,75,10000,4.12,310,300,Drizzle,light intensity drizzle,2025-10-23 03:00:00+01:00,988.0,
1761192000,8.17,4.86,990,93,7.11,,75,10000,6.17,310,803,Clouds,broken clouds,2025-10-23 05:00:00+01:00,990.0,
1761199200,7.92,4.05,992,95,7.17,,75,8000,7.72,300,520,Rain,light intensity shower rain,2025-10-23 07:00:00+01:00,992.0,
1761206400,7.43,3.41,994,93,6.37,,75,10000,7.72,300,501,Rain,moderate rain,2025-10-23 09:00:00+01:00,994.0,
1761213600,6.85,1.97,996,87,4.84,,75,10000,10.28,290,500,Rain,light rain,2025-10-23 11:00:00+01:00,996.0,
1761220800,8.44,4.72,997,85,6.07,,75,10000,7.72,270,803,Clouds,broken clouds,2025-10-23 13:00:00+01:00,997.0,
1761228000,10.19,9.04,998,68,4.56,,75,10000,11.32,280,803,Clouds,broken clouds,2025-10-23 15:00:00+01:00,998.0,
1761235200,8.5,4.37,998,74,4.14,,40,10000,9.39,280,802,Clouds,scattered clouds,2025-10-23 17:00:00+01:00,998.0,
1761242400,7.57,3.59,999,75,3.43,,40,10000,7.72,270,500,Rain,light rain,2025-10-23 19:00:00+01:00,999.0,
1761249600,7.04,3.07,999,78,3.47,,75,10000,7.2,230,500,Rain,light rain,2025-10-23 21:00:00+01:00,999.0,
1761256800,6.84,4.06,999,80,3.64,,20,10000,4.12,250,801,Clouds,few clouds,2025-10-23 23:00:00+01:00,999.0,
1761264000,6.57,2.3,998,81,3.55,,20,10000,7.72,220,801,Clouds,few clouds,2025-10-24 01:00:00+01:00,998.0,
1761271200,6.73,2.35,997,82,3.88,,20,10000,8.23,220,801,Clouds,few clouds,2025-10-24 03:00:00+01:00,997.0,
1761278400,7.41,2.96,996,82,4.54,,20,10000,9.26,220,801,Clouds,few clouds,2025-10-24 05:00:00+01:00,996.0,
1761285600,8.39,4.25,995,81,5.32,,75,10000,9.26,220,520,Rain,light intensity shower rain,2025-10-24 07:00:00+01:00,995.0,
1761292800,8.08,4.26,996,87,6.05,,75,9000,7.72,220,310,Drizzle,light intensity drizzle rain,2025-10-24 09:00:00+01:00,996.0,
1761300000,10.6,9.8,995,80,7.3,,40,10000,3.09,240,500,Rain,light rain,2025-10-24 11:00:00+01:00,995.0,
1761307200,11.33,10.58,996,79,7.82,,75,10000,4.92,270,500,Rain,light rain,2025-10-24 13:00:00+01:00,996.0,
1761314400,10.16,9.48,996,86,7.93,,75,10000,6.71,10,520,Rain,light intensity shower rain,2025-10-24 15:00:00+01:00,996.0,
1761321600,10.36,9.51,998,79,6.88,,40,10000,5.66,330,802,Clouds,scattered clouds,2025-10-24 17:00:00+01:00,998.0,
1761328800,9.68,6.78,1000,82,6.76,,75,10000,6.17,290,803,Clouds,broken clouds,2025-10-24 19:00:00+01:00,1000.0,
1761336000,9.92,6.64,1001,90,8.36,,75,10000,7.72,310,300,Drizzle,light intensity drizzle,2025-10-24 21:00:00+01:00,1001.0,
1761343200,9.92,6.78,1003,86,7.69,,75,10000,7.2,310,500,Rain,light rain,2025-10-24 23:00:00+01:00,1003.0,
1761350400,9.41,6.44,1005,84,6.85,,75,10000,6.17,300,803,Clouds,broken clouds,2025-10-25 01:00:00+01:00,1005.0,
1761357600,9.0,5.31,1006,81,5.92,,75,10000,8.23,300,803,Clouds,broken clouds,2025-10-25 03:00:00+01:00,1006.0,
1761364800,7.78,3.65,1007,80,4.55,,20,10000,8.49,300,500,Rain,light rain,2025-10-25 05:00:00+01:00,1007.0,
1761372000,6.69,2.98,1008,81,3.67,,75,10000,6.17,270,803,Clouds,broken clouds,2025-10-25 07:00:00+01:00,1008.0,
1761379200,6.47,2.34,1010,82,3.62,,20,10000,7.2,290,801,Clouds,few clouds,2025-10-25 09:00:00+01:00,1010.0,
1761386400,8.35,3.96,1011,77,4.56,,20,10000,10.29,300,500,Rain,light rain,2025-10-25 11:00:00+01:00,1011.0,
1761393600,9.57,5.58,1011,69,4.17,,40,10000,10.29,300,802,Clouds,scattered clouds,2025-10-25 13:00:00+01:00,1011.0,
1761400800,10.3,9.21,1011,70,5.08,,75,10000,9.26,280,520,Rain,light intensity shower rain,2025-10-25 15:00:00+01:00,1011.0,
1761408000,9.26,5.37,1010,83,6.53,,40,6000,9.39,280,520,Rain,light intensity shower rain,2025-10-25 17:00:00+01:00,1010.0,
1761415200,8.72,4.77,1011,85,6.34,,75,10000,8.94,290,500,Rain,light rain,2025-10-25 19:00:00+01:00,1011.0,
1761422400,8.13,4.36,1012,85,5.76,,75,10000,7.6,290,500,Rain,light rain,2025-10-25 21:00:00+01:00,1012.0,
1761429600,7.04,3.23,1013,85,4.69,,20,10000,6.71,310,500,Rain,light rain,2025-10-25 23:00:00+01:00,1013.0,
1761436800,5.8,1.84,1014,86,3.64,,20,10000,6.17,280,801,Clouds,few clouds,2025-10-26 01:00:00+01:00,1014.0,
1761444000,4.97,1.0,1014,85,2.66,,20,10000,5.66,280,801,Clouds,few clouds,2025-10-26 02:00:00+00:00,1014.0,
1761451200,4.95,0.76,1014,86,2.81,,75,10000,6.17,270,803,Clouds,broken clouds,2025-10-26 04:00:00+00:00,1014.0,
1761458400,4.79,1.01,1014,91,3.45,,75,10000,5.14,240,803,Clouds,broken clouds,2025-10-26 06:00:00+00:00,1014.0,
1761465600,6.84,3.17,1014,85,4.5,,75,10000,6.17,270,803,Clouds,broken clouds,2025-10-26 08:00:00+00:00,1014.0,
1761472800,7.78,4.19,1012,88,5.92,,75,7000,6.69,240,500,Rain,light rain,2025-10-26 10:00:00+00:00,1012.0,
1761480000,8.72,4.81,1010,95,7.96,,75,7000,8.75,230,310,Drizzle,light intensity drizzle rain,2025-10-26 12:00:00+00:00,1010.0,
1761487200,11.17,10.77,1007,93,10.08,,75,8000,10.29,240,310,Drizzle,light intensity drizzle rain,2025-10-26 14:00:00+00:00,1007.0,
1761494400,12.2,11.77,1006,88,10.27,,75,8000,9.77,250,310,Drizzle,light intensity drizzle rain,2025-10-26 16:00:00+00:00,1006.0,
1761501600,11.7,11.12,1006,84,9.09,,40,10000,11.18,280,802,Clouds,scattered clouds,2025-10-26 18:00:00+00:00,1006.0,
1761508800,10.76,10.01,1006,81,7.64,,40,10000,8.23,270,802,Clouds,scattered clouds,2025-10-26 20:00:00+00:00,1006.0,
1761516000,10.45,9.67,1006,81,7.33,,75,10000,9.26,250,500,Rain,light rain,2025-10-26 22:00:00+00:00,1006.0,
1761523200,10.76,9.95,1006,79,7.27,,75,10000,9.26,260,803,Clouds,broken clouds,2025-10-27 00:00:00+00:00,1006.0,
1761530400,9.95,6.42,1006,80,6.66,,40,10000,8.75,270,802,Clouds,scattered clouds,2025-10-27 02:00:00+00:00,1006.0,
1761537600,9.95,6.28,1006,79,6.48,,40,10000,9.39,270,802,Clouds,scattered clouds,2025-10-27 04:00:00+00:00,1006.0,
1761544800,8.72,4.88,1007,86,6.51,,20,10000,8.49,270,801,Clouds,few clouds,2025-10-27 06:00:00+00:00,1007.0,
1761552000,9.21,6.36,1009,81,6.12,,75,10000,5.66,240,803,Clouds,broken clouds,2025-10-27 08:00:00+00:00,1009.0,
1761559200,11.01,10.2,1010,78,7.33,,75,10000,7.72,270,803,Clouds,broken clouds,2025-10-27 10:00:00+00:00,1010.0,
1761566400,11.36,10.56,1010,77,7.48,,75,10000,5.81,270,803,Clouds,broken clouds,2025-10-27 12:00:00+00:00,1010.0,
1761573600,11.36,10.59,1009,78,7.67,,75,10000,3.6,250,500,Rain,light rain,2025-10-27 14:00:00+00:00,1009.0,
1761580800,9.99,7.34,1007,96,9.38,,75,5000,5.66,220,310,Drizzle,light intensity drizzle rain,2025-10-27 16:00:00+00:00,1007.0,
1761588000,12.92,12.64,1006,91,11.49,,75,7000,9.77,250,310,Drizzle,light intensity drizzle rain,2025-10-27 18:00:00+00:00,1006.0,
1761595200,12.92,12.46,1005,84,10.28,,75,8000,10.29,240,310,Drizzle,light intensity drizzle rain,2025-10-27 20:00:00+00:00,1005.0,
1761602400,12.25,11.85,1004,89,10.49,,75,6000,11.32,250,500,Rain,light rain,2025-10-27 22:00:00+00:00,1004.0,
1761609600,11.17,10.51,1005,83,8.39,,75,10000,9.77,250,803,Clouds,broken clouds,2025-10-28 00:00:00+00:00,1005.0,
1761616800,10.76,9.98,1005,80,7.45,,75,10000,9.26,240,803,Clouds,broken clouds,2025-10-28 02:00:00+00:00,1005.0,
1761624000,9.7,6.22,1004,86,7.47,,75,10000,8.23,220,803,Clouds,broken clouds,2025-10-28 04:00:00+00:00,1004.0,
1761631200,10.3,9.42,1004,78,6.64,,40,10000,9.77,230,802,Clouds,scattered clouds,2025-10-28 06:00:00+00:00,1004.0,
1761638400,10.49,9.71,1005,81,7.37,,75,10000,9.26,230,500,Rain,light rain,2025-10-28 08:00:00+00:00,1005.0,
1761645600,11.47,10.68,1005,77,7.58,,20,10000,10.29,230,801,Clouds,few clouds,2025-10-28 10:00:00+00:00,1005.0,
1761652800,12.76,11.95,1004,71,7.64,,75,10000,8.75,240,520,Rain,light intensity shower rain,2025-10-28 12:00:00+00:00,1004.0,
1761660000,12.52,11.81,1003,76,8.41,,40,10000,7.2,250,500,Rain,light rain,2025-10-28 14:00:00+00:00,1003.0,
1761667200,11.0,10.19,1002,78,7.32,,20,10000,8.23,230,500,Rain,light rain,2025-10-28 16:00:00+00:00,1002.0,
1761674400,10.36,9.57,1002,81,7.25,,75,10000,5.14,220,520,Rain,light intensity shower rain,2025-10-28 18:00:00+00:00,1002.0,
1761681600,11.17,10.3,1001,75,6.91,,75,10000,8.23,220,803,Clouds,broken clouds,2025-10-28 20:00:00+00:00,1001.0,
1761688800,9.7,6.5,1001,88,7.81,,75,10000,7.2,240,500,Rain,light rain,2025-10-28 22:00:00+00:00,1001.0,
1761696000,9.68,6.47,1000,85,7.28,,75,10000,7.2,230,803,Clouds,broken clouds,2025-10-29 00:00:00+00:00,1000.0,
1761703200,8.86,5.41,999,85,6.48,,20,10000,7.2,230,801,Clouds,few clouds,2025-10-29 02:00:00+00:00,999.0,
1761710400,8.13,4.81,998,87,6.1,,20,10000,6.17,230,801,Clouds,few clouds,2025-10-29 04:00:00+00:00,998.0,
1761717600,7.92,4.05,998,83,5.21,,20,10000,7.72,210,801,Clouds,few clouds,2025-10-29 06:00:00+00:00,998.0,
1761724800,8.08,4.41,998,79,4.66,,40,10000,7.2,220,500,Rain,light rain,2025-10-29 08:00:00+00:00,998.0,
1761732000,10.16,9.16,998,74,5.74,,40,10000,8.75,220,802,Clouds,scattered clouds,2025-10-29 10:00:00+00:00,998.0,
1761739200,11.65,10.65,997,68,5.95,,40,10000,8.75,230,802,Clouds,scattered clouds,2025-10-29 12:00:00+00:00,997.0,
1761746400,11.69,10.64,995,66,5.56,,40,10000,9.26,230,802,Clouds,scattered clouds,2025-10-29 14:00:00+00:00,995.0,
1761753600,10.32,9.37,996,75,6.09,,40,10000,9.26,270,501,Rain,moderate rain,2025-10-29 16:00:00+00:00,996.0,
1761760800,8.52,4.98,998,80,5.27,,20,10000,7.2,260,801,Clouds,few clouds,2025-10-29 18:00:00+00:00,998.0,
1761768000,8.13,4.63,998,82,5.25,,20,10000,6.69,270,801,Clouds,few clouds,2025-10-29 20:00:00+00:00,998.0,
1761775200,7.39,3.87,1000,86,5.21,,20,10000,6.17,230,801,Clouds,few clouds,2025-10-29 22:00:00+00:00,1000.0,
1761782400,7.03,3.41,1001,86,4.85,,20,10000,6.17,230,801,Clouds,few clouds,2025-10-30 00:00:00+00:00,1001.0,
1761789600,6.06,3.39,1002,90,4.55,,20,10000,3.6,260,801,Clouds,few clouds,2025-10-30 02:00:00+00:00,1002.0,
1761796800,5.08,2.2,1002,90,3.58,,20,10000,3.6,180,801,Clouds,few clouds,2025-10-30 04:00:00+00:00,1002.0,
1761804000,5.27,2.43,1002,91,3.92,,75,10000,3.6,170,803,Clouds,broken clouds,2025-10-30 06:00:00+00:00,1002.0,
1761811200,7.81,5.52,1001,86,5.62,,75,10000,3.6,140,803,Clouds,broken clouds,2025-10-30 08:00:00+00:00,1001.0,
1761818400,9.56,6.47,999,89,7.84,,75,10000,6.69,130,500,Rain,light rain,2025-10-30 10:00:00+00:00,999.0,
1761825600,10.88,10.37,997,90,9.31,,75,10000,8.23,140,500,Rain,light rain,2025-10-30 12:00:00+00:00,997.0,
1761832800,12.06,11.78,994,94,11.12,,100,7000,9.77,150,310,Drizzle,light intensity drizzle rain,2025-10-30 14:00:00+00:00,994.0,
1761840000,12.79,12.55,991,93,11.69,,75,5000,12.35,150,310,Drizzle,light intensity drizzle rain,2025-10-30 16:00:00+00:00,991.0,
1761847200,12.93,12.73,989,94,11.99,,75,5000,12.35,150,310,Drizzle,light intensity drizzle rain,2025-10-30 18:00:00+00:00,989.0,
1761854400,13.6,13.44,987,93,12.49,,75,7000,10.8,180,310,Drizzle,light intensity drizzle rain,2025-10-30 20:00:00+00:00,987.0,
1761861600,13.28,12.83,989,83,10.46,,75,10000,10.29,200,803,Clouds,broken clouds,2025-10-30 22:00:00+00:00,989.0,
1761868800,13.09,12.41,990,75,8.77,,20,10000,10.29,210,801,Clouds,few clouds,2025-10-31 00:00:00+00:00,990.0,
1761876000,13.46,12.74,990,72,8.52,,20,10000,10.29,200,801,Clouds,few clouds,2025-10-31 02:00:00+00:00,990.0,
1761883200,12.8,12.15,990,77,8.87,,20,10000,7.72,200,801,Clouds,few clouds,2025-10-31 04:00:00+00:00,990.0,
1761890400,13.17,12.53,990,76,9.04,,40,10000,10.8,190,802,Clouds,scattered clouds,2025-10-31 06:00:00+00:00,990.0,
1761897600,13.46,12.85,990,76,9.32,,75,10000,9.77,190,500,Rain,light rain,2025-10-31 08:00:00+00:00,990.0,
1761904800,12.69,12.29,988,87,10.58,,75,10000,8.75,200,501,Rain,moderate rain,2025-10-31 10:00:00+00:00,988.0,
1761912000,13.28,12.96,987,88,11.34,,75,10000,10.29,190,501,Rain,moderate rain,2025-10-31 12:00:00+00:00,987.0,
1761919200,14.89,14.42,987,76,10.7,,75,10000,6.69,220,803,Clouds,broken clouds,2025-10-31 14:00:00+00:00,987.0,
1761926400,14.02,13.36,988,72,9.06,,40,10000,4.63,200,802,Clouds,scattered clouds,2025-10-31 16:00:00+00:00,988.0,
1761933600,11.78,11.02,989,77,7.88,,75,10000,5.14,180,803,Clouds,broken clouds,2025-10-31 18:00:00+00:00,989.0,
1761940800,11.47,10.84,988,83,8.69,,75,10000,5.14,150,500,Rain,light rain,2025-10-31 20:00:00+00:00,988.0,
1761948000,11.17,10.64,985,88,9.26,,75,10000,7.2,160,501,Rain,moderate rain,2025-10-31 22:00:00+00:00,985.0,
1761955200,10.52,9.77,984,82,7.58,,20,10000,8.23,210,500,Rain,light rain,2025-11-01 00:00:00+00:00,984.0,
1761962400,9.74,6.41,984,86,7.51,,75,10000,7.72,230,500,Rain,light rain,2025-11-01 02:00:00+00:00,984.0,
1761969600,9.2,5.85,987,88,7.32,,75,10000,7.2,230,500,Rain,light rain,2025-11-01 04:00:00+00:00,987.0,
1761976800,9.61,6.53,990,86,7.39,,75,10000,6.69,240,500,Rain,light rain,2025-11-01 06:00:00+00:00,990.0,
1761984000,8.83,5.7,993,86,6.62,,20,10000,6.17,230,801,Clouds,few clouds,2025-11-01 08:00:00+00:00,993.0,
1761991200,10.13,9.24,996,78,6.47,,20,10000,8.23,230,500,Rain,light rain,2025-11-01 10:00:00+00:00,996.0,
1761998400,10.47,9.5,998,74,6.04,,75,10000,7.72,230,803,Clouds,broken clouds,2025-11-01 12:00:00+00:00,998.0,
1762005600,11.64,10.58,998,66,5.51,,75,10000,8.75,230,803,Clouds,broken clouds,2025-11-01 14:00:00+00:00,998.0,
1762012800,10.29,9.1,998,66,4.22,,20,10000,7.2,220,801,Clouds,few clouds,2025-11-01 16:00:00+00:00,998.0,
1762020000,7.88,4.88,999,71,2.95,,20,10000,5.14,210,500,Rain,light rain,2025-11-01 18:00:00+00:00,999.0,
1762027200,7.6,3.96,999,74,3.27,,75,10000,6.69,210,500,Rain,light rain,2025-11-01 20:00:00+00:00,999.0,
1762034400,8.39,4.66,999,74,4.03,,75,10000,7.72,220,500,Rain,light rain,2025-11-01 22:00:00+00:00,999.0,
1762041600,7.87,4.48,999,78,4.28,,40,10000,6.17,220,802,Clouds,scattered clouds,2025-11-02 00:00:00+00:00,999.0,
1762048800,6.82,2.96,999,82,3.97,,20,10000,6.69,230,801,Clouds,few clouds,2025-11-02 02:00:00+00:00,999.0,
1762056000,6.57,2.46,1000,82,3.72,,20,10000,7.2,230,801,Clouds,few clouds,2025-11-02 04:00:00+00:00,1000.0,
1762063200,6.47,2.51,1001,82,3.62,,20,10000,6.69,220,500,Rain,light rain,2025-11-02 06:00:00+00:00,1001.0,
1762070400,6.97,3.15,1003,79,3.58,,20,10000,6.69,220,801,Clouds,few clouds,2025-11-02 08:00:00+00:00,1003.0,
1762077600,9.09,5.43,1004,75,4.9,,20,10000,8.23,220,500,Rain,light rain,2025-11-02 10:00:00+00:00,1002.4493682668892,999.3805085851068
1762084800,10.53,9.54,1005,73,5.9,,40,10000,7.72,230,802,Clouds,scattered clouds,2025-11-02 12:00:00+00:00,1005.0,
1762092000,11.64,10.61,1005,67,5.73,,40,10000,6.17,230,802,Clouds,scattered clouds,2025-11-02 14:00:00+00:00,1005.0,
1762099200,11.12,10.12,1006,70,5.86,,40,10000,7.2,230,500,Rain,light rain,2025-11-02 16:00:00+00:00,1006.0,
1762106400,11.12,10.19,1006,73,6.47,,75,10000,7.72,210,310,Drizzle,light intensity drizzle rain,2025-11-02 18:00:00+00:00,1006.0,
1762113600,11.95,11.19,1005,76,7.86,,75,10000,8.75,210,500,Rain,light rain,2025-11-02 20:00:00+00:00,1005.0,
1762120800,12.42,12.02,1003,88,10.49,,75,10000,10.8,200,500,Rain,light rain,2025-11-02 22:00:00+00:00,1003.0,
1762128000,13.95,13.62,1002,85,11.47,,75,10000,11.32,220,500,Rain,light rain,2025-11-03 00:00:00+00:00,1002.0,
1762135200,14.01,13.69,1001,85,11.53,,75,6000,10.8,220,500,Rain,light rain,2025-11-03 02:00:00+00:00,1001.0,
1762142400,13.95,13.59,1000,84,11.29,,75,10000,12.35,220,500,Rain,light rain,2025-11-03 04:00:00+00:00,1000.0,
1762149600,14.44,14.16,1000,85,11.95,,75,10000,11.83,220,500,Rain,light rain,2025-11-03 06:00:00+00:00,1000.0,
1762156800,14.68,14.4,1000,84,12.01,,75,10000,4.63,200,500,Rain,light rain,2025-11-03 08:00:00+00:00,1000.702812159678,997.6260989464292
1762164000,15.52,15.29,1000,83,12.65,,75,10000,10.29,210,803,Clouds,broken clouds,2025-11-03 10:00:00+00:00,1000.0,
1762171200,16.77,16.67,1000,83,13.87,,75,10000,10.8,220,803,Clouds,broken clouds,2025-11-03 12:00:00+00:00,1000.0,
1762178400,17.27,17.04,999,76,13.0,,75,10000,12.35,210,500,Rain,light rain,2025-11-03 14:00:00+00:00,999.0,
1762185600,16.12,15.88,999,80,12.67,,75,10000,12.86,220,500,Rain,light rain,2025-11-03 16:00:00+00:00,999.0,
1762192800,15.35,15.08,999,82,12.3,,75,10000,11.32,220,310,Drizzle,light intensity drizzle rain,2025-11-03 18:00:00+00:00,998.961679834183,995.8771374779413
1762200000,15.77,15.52,999,81,12.52,,75,10000,12.86,220,500,Rain,light rain,2025-11-03 20:00:00+00:00,999.0,
1762207200,15.7,15.47,1000,82,12.64,,75,10000,9.77,220,500,Rain,light rain,2025-11-03 22:00:00+00:00,1000.0,
1762214400,12.75,12.35,1001,87,10.64,,75,10000,8.75,230,500,Rain,light rain,2025-11-04 00:00:00+00:00,1001.0,
1762221600,12.72,12.32,1001,87,10.61,,40,10000,8.75,230,500,Rain,light rain,2025-11-04 02:00:00+00:00,1001.0,
1762228800,13.25,12.93,1001,88,11.31,,75,10000,6.17,210,803,Clouds,broken clouds,2025-11-04 04:00:00+00:00,1001.0,
1762236000,13.74,13.57,1000,92,12.46,,75,2500,4.63,260,501,Rain,moderate rain,2025-11-04 06:00:00+00:00,1000.0,
1762243200,12.93,12.71,1000,93,11.83,,75,10000,3.6,220,501,Rain,moderate rain,2025-11-04 08:00:00+00:00,1000.0,
1762250400,13.8,13.69,1001,94,12.85,,75,4000,1.54,0,500,Rain,light rain,2025-11-04 10:00:00+00:00,1000.9156009092029,997.8398445178572
1762257600,16.41,16.35,1001,86,14.06,,75,10000,8.23,210,500,Rain,light rain,2025-11-04 12:00:00+00:00,1001.0,
1762264800,16.71,16.6,1000,83,13.81,,75,10000,4.63,220,803,Clouds,broken clouds,2025-11-04 14:00:00+00:00,1000.0,
1762272000,15.62,15.51,999,87,13.47,,75,8000,3.6,200,500,Rain,light rain,2025-11-04 16:00:00+00:00,999.0,
1762279200,14.68,14.55,1000,90,13.06,,75,10000,2.57,140,500,Rain,light rain,2025-11-04 18:00:00+00:00,999.6990093584042,996.6177824642862
1762286400,14.01,13.92,1000,94,13.06,,75,10000,3.6,140,500,Rain,light rain,2025-11-04 20:00:00+00:00,1000.0,
1762293600,13.8,13.59,1000,90,12.19,,75,10000,2.06,140,500,Rain,light rain,2025-11-04 22:00:00+00:00,1000.0,
1762300800,12.72,12.4,1000,90,11.12,,75,10000,2.57,100,500,Rain,light rain,2025-11-05 00:00:00+00:00,1000.0,
1762308000,13.29,13.13,999,94,12.35,,75,900,3.09,130,741,Fog,fog,2025-11-05 02:00:00+00:00,999.0,
1762315200,13.81,13.7,998,94,12.86,,75,600,4.12,130,741,Fog,fog,2025-11-05 04:00:00+00:00,998.0,
1762322400,14.47,14.43,997,94,13.52,,75,10000,4.63,150,500,Rain,light rain,2025-11-05 06:00:00+00:00,997.0,
1762329600,14.68,14.68,997,95,13.89,,75,10000,6.69,190,500,Rain,light rain,2025-11-05 08:00:00+00:00,997.9160147652701,994.8267704910714
1762336800,15.29,15.3,998,93,14.17,,75,10000,5.14,200,500,Rain,light rain,2025-11-05 10:00:00+00:00,998.0,
1762344000,16.35,16.39,998,90,14.71,,75,10000,1.54,100,803,Clouds,broken clouds,2025-11-05 12:00:00+00:00,998.0,
1762351200,16.93,16.95,998,87,14.75,,75,10000,2.06,140,803,Clouds,broken clouds,2025-11-05 14:00:00+00:00,998.0,
1762358400,16.05,16.01,999,88,14.06,,75,10000,3.09,140,803,Clouds,broken clouds,2025-11-05 16:00:00+00:00,999.0,
1762365600,14.71,14.61,999,91,13.26,,75,10000,3.09,140,803,Clouds,broken clouds,2025-11-05 18:00:00+00:00,999.0,
1762372800,14.19,14.04,999,91,12.74,,75,10000,3.09,170,803,Clouds,broken clouds,2025-11-05 20:00:00+00:00,999.0,
1762380000,14.23,14.08,1000,91,12.78,,75,10000,2.06,50,803,Clouds,broken clouds,2025-11-05 22:00:00+00:00,1000.0,
1762387200,14.02,13.93,1000,94,13.07,,75,3000,3.09,140,310,Drizzle,light intensity drizzle rain,2025-11-06 00:00:00+00:00,1000.0,
1762394400,14.68,14.63,1000,93,13.56,,75,8000,4.63,140,310,Drizzle,light intensity drizzle rain,2025-11-06 02:00:00+00:00,1000.0,
1762401600,14.68,14.66,1000,94,13.73,,75,3000,3.09,130,500,Rain,light rain,2025-11-06 04:00:00+00:00,1000.0,
1762408800,14.02,13.96,1000,95,13.23,,75,10000,4.12,150,803,Clouds,broken clouds,2025-11-06 06:00:00+00:00,1000.0,
1762416000,13.52,13.38,1001,94,12.57,,75,10000,3.6,140,803,Clouds,broken clouds,2025-11-06 08:00:00+00:00,1001.0,
1762423200,15.47,15.45,1002,91,14.01,,20,10000,2.57,140,801,Clouds,few clouds,2025-11-06 10:00:00+00:00,1002.0,
1762430400,15.76,15.53,1002,82,12.7,,20,10000,4.92,150,801,Clouds,few clouds,2025-11-06 12:00:00+00:00,1002.1923115937171,999.1222960357145
1762437600,17.67,17.29,1002,69,11.92,,20,10000,3.6,170,801,Clouds,few clouds,2025-11-06 14:00:00+00:00,1002.0,
1762444800,14.78,14.38,1002,79,11.18,,40,10000,3.09,190,802,Clouds,scattered clouds,2025-11-06 16:00:00+00:00,1000.642606922144,997.5656229911505
1762452000,14.02,13.7,1002,85,11.54,,40,10000,3.6,150,802,Clouds,scattered clouds,2025-11-06 18:00:00+00:00,1002.0,
1762459200,13.17,12.79,1003,86,10.88,,40,10000,2.06,150,802,Clouds,scattered clouds,2025-11-06 20:00:00+00:00,1003.0,
1762466400,12.33,11.86,1002,86,10.06,,20,10000,2.06,170,500,Rain,light rain,2025-11-06 22:00:00+00:00,1002.0,
1762473600,11.54,11.1,1001,90,9.96,,20,10000,3.09,150,801,Clouds,few clouds,2025-11-07 00:00:00+00:00,1001.0,
1762480800,12.38,11.97,1000,88,10.45,,40,10000,5.14,150,500,Rain,light rain,2025-11-07 02:00:00+00:00,1000.0,
1762488000,12.06,11.57,1000,86,9.79,,20,10000,5.14,150,500,Rain,light rain,2025-11-07 04:00:00+00:00,1000.0,
1762495200,12.38,11.97,999,88,10.45,,75,10000,4.12,130,803,Clouds,broken clouds,2025-11-07 06:00:00+00:00,999.0,
1762502400,12.93,12.6,999,89,11.16,,75,10000,4.63,140,500,Rain,light rain,2025-11-07 08:00:00+00:00,999.1794392280746,996.0958760446428
1762509600,13.81,13.57,999,89,12.03,,75,10000,4.63,140,500,Rain,light rain,2025-11-07 10:00:00+00:00,999.0,
1762516800,13.59,13.35,998,90,11.98,,75,10000,4.12,140,500,Rain,light rain,2025-11-07 12:00:00+00:00,998.0,
1762524000,12.51,12.11,998,88,10.58,,75,10000,5.14,160,500,Rain,light rain,2025-11-07 14:00:00+00:00,998.0,
1762531200,11.85,11.44,998,90,10.26,,75,6000,4.12,150,310,Drizzle,light intensity drizzle rain,2025-11-07 16:00:00+00:00,998.0,
1762538400,11.85,11.52,1000,93,10.76,,75,4000,5.14,150,310,Drizzle,light intensity drizzle rain,2025-11-07 18:00:00+00:00,1000.0,
1762545600,11.85,11.55,1003,94,10.92,,75,3500,3.6,270,500,Rain,light rain,2025-11-07 20:00:00+00:00,1003.0,
1762552800,11.35,11.0,1003,94,10.42,,75,10000,5.14,250,500,Rain,light rain,2025-11-07 22:00:00+00:00,1003.0,
1762560000,11.43,11.06,1005,93,10.34,,75,10000,6.17,270,300,Drizzle,light intensity drizzle,2025-11-08 00:00:00+00:00,1005.0,
1762567200,10.25,9.76,1007,93,9.17,,20,10000,5.66,240,801,Clouds,few clouds,2025-11-08 02:00:00+00:00,1007.0,
1762574400,9.38,6.57,1007,94,8.46,,20,10000,5.66,230,801,Clouds,few clouds,2025-11-08 04:00:00+00:00,1007.0,
1762581600,9.01,6.1,1009,92,7.78,,20,10000,5.66,220,801,Clouds,few clouds,2025-11-08 06:00:00+00:00,1009.0,
1762588800,8.51,5.88,1011,92,7.29,,40,10000,4.63,200,802,Clouds,scattered clouds,2025-11-08 08:00:00+00:00,1011.0,
1762596000,11.18,10.68,1011,89,9.44,,20,10000,4.12,210,801,Clouds,few clouds,2025-11-08 10:00:00+00:00,1009.9799030291955,1006.9449050089287
1762603200,13.28,12.7,1012,78,9.53,,20,10000,4.63,220,801,Clouds,few clouds,2025-11-08 12:00:00+00:00,1012.0,
1762610400,14.23,13.54,1011,70,8.84,,75,10000,3.6,230,803,Clouds,broken clouds,2025-11-08 14:00:00+00:00,1011.0,
1762617600,12.27,11.56,1011,77,8.36,,75,10000,4.12,210,803,Clouds,broken clouds,2025-11-08 16:00:00+00:00,1011.0,
1762624800,11.49,10.89,1012,84,8.88,,75,10000,4.63,200,803,Clouds,broken clouds,2025-11-08 18:00:00+00:00,1012.0,
1762632000,12.41,11.8,1012,80,9.06,,75,10000,5.66,210,500,Rain,light rain,2025-11-08 20:00:00+00:00,1012.0,
1762639200,12.23,11.57,1012,79,8.7,,75,10000,7.72,200,500,Rain,light rain,2025-11-08 22:00:00+00:00,1012.0,
1762646400,12.96,12.4,1010,80,9.6,,75,10000,5.66,190,500,Rain,light rain,2025-11-09 00:00:00+00:00,1010.0,
1762653600,13.39,12.9,1008,81,10.2,,75,10000,6.17,170,500,Rain,light rain,2025-11-09 02:00:00+00:00,1008.0,
1762660800,13.15,12.84,1008,89,11.38,,75,10000,9.26,190,500,Rain,light rain,2025-11-09 04:00:00+00:00,1008.0,
1762668000,13.21,12.91,1007,89,11.44,,75,8000,8.23,190,500,Rain,light rain,2025-11-09 06:00:00+00:00,1007.0,
1762675200,11.77,11.35,1007,90,10.19,,75,10000,4.12,220,500,Rain,light rain,2025-11-09 08:00:00+00:00,1007.0,
1762682400,12.24,11.84,1007,89,10.48,,75,10000,4.12,230,500,Rain,light rain,2025-11-09 10:00:00+00:00,1006.9806036490614,1003.9321190353984
1762689600,14.31,13.7,1007,73,9.54,,40,10000,5.14,240,802,Clouds,scattered clouds,2025-11-09 12:00:00+00:00,1007.0,
1762696800,13.59,12.96,1006,75,9.25,,75,10000,4.12,240,803,Clouds,broken clouds,2025-11-09 14:00:00+00:00,1006.0,
1762704000,12.75,12.12,1006,78,9.02,,75,10000,1.54,0,803,Clouds,broken clouds,2025-11-09 16:00:00+00:00,1006.0,
1762711200,11.28,10.71,1006,86,9.03,,100,10000,2.06,90,804,Clouds,overcast clouds,2025-11-09 18:00:00+00:00,1004.5300660390938,1001.4705623839287
1762718400,11.48,11.01,1004,89,9.73,,75,10000,4.12,80,500,Rain,light rain,2025-11-09 20:00:00+00:00,1004.0,
1762725600,11.29,10.85,1004,91,9.88,,75,10000,3.09,70,500,Rain,light rain,2025-11-09 22:00:00+00:00,1004.0,
1762732800,11.66,11.34,1001,94,10.73,,75,10000,3.09,140,500,Rain,light rain,2025-11-10 00:00:00+00:00,1001.0,
1762740000,10.33,9.74,1000,89,8.6,,75,10000,4.12,170,500,Rain,light rain,2025-11-10 02:00:00+00:00,1000.0,
1762747200,10.49,9.68,1000,80,7.19,,75,10000,8.23,220,500,Rain,light rain,2025-11-10 04:00:00+00:00,1000.0,
1762754400,9.06,6.36,1000,80,5.8,,40,10000,5.14,240,500,Rain,light rain,2025-11-10 06:00:00+00:00,1000.0,
1762761600,7.43,5.06,1000,85,5.08,,40,10000,3.6,230,802,Clouds,scattered clouds,2025-11-10 08:00:00+00:00,1000.0,
1762768800,8.59,6.76,1000,85,6.21,,20,10000,3.09,210,801,Clouds,few clouds,2025-11-10 10:00:00+00:00,1000.4414042711353,997.3635156160711
1762776000,9.94,7.28,1000,85,7.54,,75,10000,5.66,230,803,Clouds,broken clouds,2025-11-10 12:00:00+00:00,1000.0,
1762783200,11.7,10.88,1000,75,7.42,,75,10000,4.63,210,803,Clouds,broken clouds,2025-11-10 14:00:00+00:00,1000.0,
1762790400,11.49,10.65,1000,75,7.22,,40,10000,4.12,220,802,Clouds,scattered clouds,2025-11-10 16:00:00+00:00,1000.0,
1762797600,9.01,8.48,1001,83,6.28,,20,10000,1.54,0,801,Clouds,few clouds,2025-11-10 18:00:00+00:00,998.7456857152442,995.660172123894
1762804800,7.32,4.93,1001,89,5.63,,20,10000,3.6,210,801,Clouds,few clouds,2025-11-10 20:00:00+00:00,1001.0,
1762812000,8.7,6.35,1001,84,6.15,,0,10000,4.12,200,800,Clear,clear sky,2025-11-10 22:00:00+00:00,1001.0,
1762819200,7.91,5.94,1001,86,5.72,,0,10000,3.09,170,800,Clear,clear sky,2025-11-11 00:00:00+00:00,1001.0,
1762826400,8.95,6.91,998,84,6.4,,75,10000,3.6,70,500,Rain,light rain,2025-11-11 02:00:00+00:00,998.0,
1762833600,9.42,7.23,998,88,7.54,,75,9000,4.12,130,501,Rain,moderate rain,2025-11-11 04:00:00+00:00,998.0,
1762840800,11.08,10.67,993,93,9.99,,75,5000,5.66,130,501,Rain,moderate rain,2025-11-11 06:00:00+00:00,993.0,
1762848000,12.93,12.76,992,95,12.15,,75,8000,6.17,160,310,Drizzle,light intensity drizzle rain,2025-11-11 08:00:00+00:00,992.0,
1762855200,14.26,14.07,992,89,12.47,,75,10000,8.75,200,501,Rain,moderate rain,2025-11-11 10:00:00+00:00,993.6311861666921,990.5226748125002
1762862400,14.61,14.35,991,85,12.12,,75,10000,9.26,180,500,Rain,light rain,2025-11-11 12:00:00+00:00,991.0,
1762869600,14.54,14.35,988,88,12.58,,75,10000,9.26,150,501,Rain,moderate rain,2025-11-11 14:00:00+00:00,988.0,
1762876800,14.61,14.19,988,79,11.01,,75,10000,8.23,210,501,Rain,moderate rain,2025-11-11 16:00:00+00:00,991.2654599987546,988.1463109646024
1762884000,13.59,13.15,991,82,10.58,,75,10000,5.66,210,803,Clouds,broken clouds,2025-11-11 18:00:00+00:00,991.0,
1762891200,12.87,12.35,993,82,9.88,,75,10000,7.2,220,803,Clouds,broken clouds,2025-11-11 20:00:00+00:00,993.0,
1762898400,11.38,10.74,993,83,8.6,,20,10000,6.17,210,801,Clouds,few clouds,2025-11-11 22:00:00+00:00,993.0,
1762905600,11.32,10.67,995,83,8.54,,20,10000,5.66,210,801,Clouds,few clouds,2025-11-12 00:00:00+00:00,995.0,
1762912800,10.76,10.11,997,85,8.34,,40,10000,4.63,210,802,Clouds,scattered clouds,2025-11-12 02:00:00+00:00,997.0,
1762920000,9.58,7.43,997,87,7.53,,20,10000,4.12,220,801,Clouds,few clouds,2025-11-12 04:00:00+00:00,997.0,
1762927200,8.1,5.88,998,94,7.19,,20,10000,3.6,190,801,Clouds,few clouds,2025-11-12 06:00:00+00:00,998.0,
1762934400,9.02,7.61,999,91,7.63,,0,10000,2.57,190,800,Clear,clear sky,2025-11-12 08:00:00+00:00,999.2814243312703,996.1983197321427
1762941600,9.25,7.89,999,92,8.02,,75,10000,2.57,160,803,Clouds,broken clouds,2025-11-12 10:00:00+00:00,999.0,
1762948800,10.66,10.18,999,92,9.42,,75,10000,2.57,350,803,Clouds,broken clouds,2025-11-12 12:00:00+00:00,999.0,
1762956000,11.7,11.3,998,91,10.28,,75,10000,3.6,30,500,Rain,light rain,2025-11-12 14:00:00+00:00,998.0,
1762963200,11.4,11.0,998,92,10.15,,75,7000,4.12,80,310,Drizzle,light intensity drizzle rain,2025-11-12 16:00:00+00:00,998.0,
1762970400,10.74,10.4,995,97,10.28,,75,4000,6.17,40,310,Drizzle,light intensity drizzle rain,2025-11-12 18:00:00+00:00,995.7421561880885,992.6431369821428
1762977600,11.02,10.71,994,97,10.56,,75,3000,7.2,40,311,Drizzle,drizzle rain,2025-11-12 20:00:00+00:00,994.0,
1762984800,11.88,11.5,994,91,10.46,,75,10000,4.12,280,500,Rain,light rain,2025-11-12 22:00:00+00:00,994.0,
1762992000,10.53,10.09,995,94,9.61,,75,10000,3.6,310,500,Rain,light rain,2025-11-13 00:00:00+00:00,995.0,
1762999200,10.28,9.79,997,93,9.2,,75,10000,1.54,360,500,Rain,light rain,2025-11-13 02:00:00+00:00,997.0,
1763006400,10.36,9.93,997,95,9.59,,20,10000,5.66,220,500,Rain,light rain,2025-11-13 04:00:00+00:00,997.0,
1763013600,11.32,10.88,999,91,9.91,,75,10000,6.69,220,803,Clouds,broken clouds,2025-11-13 06:00:00+00:00,999.0,
1763020800,10.85,10.39,1002,92,9.6,,75,10000,4.12,240,803,Clouds,broken clouds,2025-11-13 08:00:00+00:00,1002.0,
1763028000,13.18,12.75,1002,84,10.54,,75,10000,3.6,230,500,Rain,light rain,2025-11-13 10:00:00+00:00,1002.0,
1763035200,13.65,13.26,1003,84,11.0,,40,10000,3.09,220,802,Clouds,scattered clouds,2025-11-13 12:00:00+00:00,1003.7905458161582,1000.727716848214
1763042400,15.7,15.36,1004,78,11.88,,40,10000,3.6,200,500,Rain,light rain,2025-11-13 14:00:00+00:00,1004.0,
1763049600,13.51,13.16,1004,86,11.22,,75,10000,2.57,80,500,Rain,light rain,2025-11-13 16:00:00+00:00,1004.0,
1763056800,12.87,12.48,1005,87,10.76,,75,10000,1.54,60,803,Clouds,broken clouds,2025-11-13 18:00:00+00:00,1005.0,
1763064000,11.95,11.63,1005,93,10.85,,75,10000,3.09,140,803,Clouds,broken clouds,2025-11-13 20:00:00+00:00,1005.0,
1763071200,11.67,11.22,1005,89,9.92,,100,5000,2.57,360,701,Mist,mist,2025-11-13 22:00:00+00:00,1005.0,
1763078400,11.19,10.79,1005,93,10.1,,100,10000,4.63,20,500,Rain,light rain,2025-11-14 00:00:00+00:00,1005.0,
1763085600,11.78,11.42,1003,92,10.52,,75,5000,3.6,40,310,Drizzle,light intensity drizzle rain,2025-11-14 02:00:00+00:00,1003.0,
1763092800,11.85,11.49,1003,92,10.59,,100,10000,7.72,80,500,Rain,light rain,2025-11-14 04:00:00+00:00,1003.0,
1763100000,10.76,10.32,1003,93,9.68,,100,10000,10.8,70,500,Rain,light rain,2025-11-14 06:00:00+00:00,1003.0,
1763107200,10.55,9.96,1002,88,8.65,,100,7000,12.35,70,300,Drizzle,light intensity drizzle,2025-11-14 08:00:00+00:00,1005.5828004760064,1002.5280305267858
1763114400,9.45,5.02,1002,93,8.38,,75,6000,12.35,70,501,Rain,moderate rain,2025-11-14 10:00:00+00:00,1002.0,
1763121600,8.95,4.25,1002,90,7.4,,75,6000,12.86,70,500,Rain,light rain,2025-11-14 12:00:00+00:00,1002.0,
1763128800,8.95,3.99,1001,88,7.07,,75,8000,14.4,70,501,Rain,moderate rain,2025-11-14 14:00:00+00:00,1001.0,
1763136000,9.31,4.65,1001,87,7.26,,75,8000,13.38,70,500,Rain,light rain,2025-11-14 16:00:00+00:00,1001.0,
1763143200,8.62,3.45,1002,89,6.91,,75,8000,14.92,80,500,Rain,light rain,2025-11-14 18:00:00+00:00,1002.0,
1763150400,8.8,3.46,1003,88,6.92,,75,6000,16.46,70,501,Rain,moderate rain,2025-11-14 20:00:00+00:00,1003.0,
1763157600,8.8,3.54,1003,90,7.25,,100,9000,15.95,80,501,Rain,moderate rain,2025-11-14 22:00:00+00:00,1003.0,
1763164800,8.95,4.16,1004,91,7.56,,100,6000,13.38,80,310,Drizzle,light intensity drizzle rain,2025-11-15 00:00:00+00:00,1004.0,
1763172000,8.95,3.99,1004,90,7.4,,100,3600,14.4,70,500,Rain,light rain,2025-11-15 02:00:00+00:00,1004.0,
1763179200,8.8,4.14,1004,92,7.57,,100,6000,12.35,80,310,Drizzle,light intensity drizzle rain,2025-11-15 04:00:00+00:00,1004.0,
1763186400,9.55,5.12,1006,89,7.83,,100,10000,12.52,80,500,Rain,light rain,2025-11-15 06:00:00+00:00,1006.0,
1763193600,9.43,5.39,1008,92,8.2,,100,5000,10.29,90,310,Drizzle,light intensity drizzle rain,2025-11-15 08:00:00+00:00,1008.0,
1763200800,9.89,6.47,1008,95,9.13,,100,4000,8.23,90,501,Rain,moderate rain,2025-11-15 10:00:00+00:00,1008.0,
1763208000,10.62,10.17,1010,93,9.54,,75,5000,6.17,90,310,Drizzle,light intensity drizzle rain,2025-11-15 12:00:00+00:00,1010.0,
1763215200,10.76,10.37,1010,95,9.99,,75,5000,5.66,80,310,Drizzle,light intensity drizzle rain,2025-11-15 14:00:00+00:00,1010.0,
1763222400,10.41,10.09,1010,99,10.26,,75,8000,4.47,90,300,Drizzle,light intensity drizzle,2025-11-15 16:00:00+00:00,1009.7278108144677,1006.6916792410717
1763229600,10.41,10.01,1011,96,9.8,,75,10000,3.6,80,803,Clouds,broken clouds,2025-11-15 18:00:00+00:00,1011.0,
1763236800,11.28,10.84,1012,91,9.87,,75,10000,5.14,70,803,Clouds,broken clouds,2025-11-15 20:00:00+00:00,1012.0,
1763244000,10.53,10.09,1012,94,9.61,,75,7000,5.14,60,310,Drizzle,light intensity drizzle rain,2025-11-15 22:00:00+00:00,1012.0,
1763251200,10.41,9.93,1012,93,9.33,,100,10000,5.36,80,804,Clouds,overcast clouds,2025-11-16 00:00:00+00:00,1012.0,
1763258400,11.01,10.44,1013,87,8.93,,100,10000,6.17,80,804,Clouds,overcast clouds,2025-11-16 02:00:00+00:00,1013.0,
1763265600,10.69,10.06,1013,86,8.45,,100,10000,4.92,80,804,Clouds,overcast clouds,2025-11-16 04:00:00+00:00,1013.0,
1763272800,9.77,7.91,1014,91,8.37,,100,9000,3.6,60,300,Drizzle,light intensity drizzle,2025-11-16 06:00:00+00:00,1014.0,
1763280000,9.45,6.85,1015,90,7.89,,75,10000,5.14,40,500,Rain,light rain,2025-11-16 08:00:00+00:00,1015.0,
1763287200,9.31,6.59,1015,79,5.86,,75,10000,5.36,40,500,Rain,light rain,2025-11-16 10:00:00+00:00,1015.0,
1763294400,9.68,6.95,1017,72,4.88,,75,10000,5.66,30,500,Rain,light rain,2025-11-16 12:00:00+00:00,1017.4702752978002,1014.468958345133
1763301600,9.0,6.09,1017,70,3.83,,75,10000,5.66,10,803,Clouds,broken clouds,2025-11-16 14:00:00+00:00,1017.0,
1763308800,7.93,5.67,1017,74,3.59,,75,10000,3.6,350,803,Clouds,broken clouds,2025-11-16 16:00:00+00:00,1017.0,
1763316000,7.54,4.68,1020,76,3.59,,75,10000,4.63,340,803,Clouds,broken clouds,2025-11-16 18:00:00+00:00,1020.0,
1763323200,6.84,4.66,1021,77,3.09,,40,10000,3.09,340,802,Clouds,scattered clouds,2025-11-16 20:00:00+00:00,1021.0,
1763330400,6.39,4.93,1021,80,3.2,,40,10000,2.06,310,802,Clouds,scattered clouds,2025-11-16 22:00:00+00:00,1021.0,
1763337600,3.74,-0.05,1022,86,1.62,,20,10000,4.63,310,801,Clouds,few clouds,2025-11-17 00:00:00+00:00,1022.0,
1763344800,4.6,1.98,1023,86,2.46,0.0,53,10000,3.06,338,803,Clouds,broken clouds,2025-11-17 02:00:00+00:00,1023.0,
1763352000,4.74,2.48,1024,87,2.76,0.0,62,10000,2.63,343,803,Clouds,broken clouds,2025-11-17 04:00:00+00:00,1024.0,
1763359200,6.14,3.76,1025,74,1.86,0.0,61,10000,3.17,18,803,Clouds,broken clouds,2025-11-17 06:00:00+00:00,1025.0,
1763366400,5.14,2.79,1027,78,1.63,0.0,75,10000,2.84,7,803,Clouds,broken clouds,2025-11-17 08:00:00+00:00,1027.0,
1763373600,6.88,5.0,1028,69,1.59,0.23,81,10000,2.66,21,803,Clouds,broken clouds,2025-11-17 10:00:00+00:00,1028.0,
1763380800,7.6,5.94,1028,62,0.79,0.67,65,10000,2.56,17,803,Clouds,broken clouds,2025-11-17 12:00:00+00:00,1028.0,
1763388000,7.47,6.13,1028,62,0.67,0.51,77,10000,2.13,3,803,Clouds,broken clouds,2025-11-17 14:00:00+00:00,1028.4033428829548,1025.4511873571432
1763395200,5.71,4.32,1028,74,1.44,0.0,71,10000,1.88,317,803,Clouds,broken clouds,2025-11-17 16:00:00+00:00,1028.0,
1763402400,6.13,4.18,1027,80,2.94,0.0,75,10000,2.57,290,803,Clouds,broken clouds,2025-11-17 18:00:00+00:00,1028.2406691078552,1025.2877821061948
1763409600,5.54,3.48,1027,77,1.83,0.0,75,10000,2.57,220,803,Clouds,broken clouds,2025-11-17 20:00:00+00:00,1027.0,
1763416800,5.72,2.98,1026,75,1.64,0.0,75,10000,3.6,230,803,Clouds,broken clouds,2025-11-17 22:00:00+00:00,1026.0,
1763424000,5.57,2.23,1025,74,1.31,0.0,75,10000,4.63,220,803,Clouds,broken clouds,2025-11-18 00:00:00+00:00,1025.0,
1763431200,5.09,1.15,1023,76,1.21,0.0,40,10000,5.66,220,802,Clouds,scattered clouds,2025-11-18 02:00:00+00:00,1023.0,
1763438400,5.75,1.59,1021,76,1.85,0.0,75,10000,6.69,230,803,Clouds,broken clouds,2025-11-18 04:00:00+00:00,1021.0,
1763445600,5.49,1.45,1020,85,3.17,0.0,75,10000,6.17,230,300,Drizzle,light intensity drizzle,2025-11-18 06:00:00+00:00,1020.0,
1763452800,5.25,1.14,1018,89,3.59,0.0,75,10000,6.17,250,803,Clouds,broken clouds,2025-11-18 08:00:00+00:00,1018.0,
1763460000,6.79,2.75,1017,88,4.94,0.3,75,5000,7.2,260,300,Drizzle,light intensity drizzle,2025-11-18 10:00:00+00:00,1017.3377278469796,1014.3358148839286
1763467200,8.04,4.2,1015,85,5.68,0.67,40,10000,7.72,250,802,Clouds,scattered clouds,2025-11-18 12:00:00+00:00,1015.0,
1763474400,9.24,5.76,1013,78,5.61,0.45,75,10000,7.72,260,803,Clouds,broken clouds,2025-11-18 14:00:00+00:00,1013.0,
1763481600,8.12,4.31,1012,82,5.24,0.0,20,10000,7.72,280,801,Clouds,few clouds,2025-11-18 16:00:00+00:00,1012.0,
1763488800,6.6,2.5,1011,85,4.26,0.0,20,10000,7.2,270,801,Clouds,few clouds,2025-11-18 18:00:00+00:00,1011.0,
1763496000,6.43,1.81,1011,83,3.76,0.0,75,10000,8.75,310,803,Clouds,broken clouds,2025-11-18 20:00:00+00:00,1011.0,
1763503200,5.72,1.04,1014,80,2.54,0.0,75,10000,8.23,330,803,Clouds,broken clouds,2025-11-18 22:00:00+00:00,1014.0,
1763510400,4.14,-0.67,1015,79,0.83,0.0,20,10000,7.2,320,801,Clouds,few clouds,2025-11-19 00:00:00+00:00,1015.0,
1763517600,2.88,-3.3,1015,83,0.28,0.0,40,10000,10.28,330,802,Clouds,scattered clouds,2025-11-19 02:00:00+00:00,1015.0,
1763524800,2.4,-2.71,1014,81,-0.46,0.0,20,10000,6.71,320,801,Clouds,few clouds,2025-11-19 04:00:00+00:00,1014.0,
1763532000,1.76,-3.53,1016,82,-0.86,0.0,20,10000,6.71,320,801,Clouds,few clouds,2025-11-19 06:00:00+00:00,1016.0,
1763539200,1.15,-4.52,1017,85,-0.96,0.0,20,10000,7.2,310,801,Clouds,few clouds,2025-11-19 08:00:00+00:00,1017.0,
1763546400,2.83,-2.15,1020,81,-0.09,0.26,20,10000,6.69,310,801,Clouds,few clouds,2025-11-19 10:00:00+00:00,1020.4985047371946,1017.5108044642863
1763553600,4.54,-0.33,1020,75,0.5,0.61,20,10000,7.72,310,801,Clouds,few clouds,2025-11-19 12:00:00+00:00,1020.0,
1763560800,4.84,0.06,1020,71,0.03,0.46,75,10000,7.72,320,803,Clouds,broken clouds,2025-11-19 14:00:00+00:00,1020.0,
1763568000,4.38,0.19,1018,74,0.16,0.0,40,10000,5.81,320,802,Clouds,scattered clouds,2025-11-19 16:00:00+00:00,1018.0,
1763575200,2.38,-2.27,1019,81,-0.48,0.0,40,10000,5.66,290,802,Clouds,scattered clouds,2025-11-19 18:00:00+00:00,1019.9021937840105,1016.9118121504425
1763582400,1.31,-4.31,1020,84,-0.96,0.0,40,10000,7.2,290,802,Clouds,scattered clouds,2025-11-19 20:00:00+00:00,1020.0,
1763589600,0.78,-4.37,1017,87,-1.0,0.0,20,10000,5.81,290,801,Clouds,few clouds,2025-11-19 22:00:00+00:00,1017.0,
1763596800,0.36,-4.9,1017,90,-0.96,0.0,20,10000,5.81,280,801,Clouds,few clouds,2025-11-20 00:00:00+00:00,1017.0,
1763604000,0.01,-5.76,1017,90,-1.26,0.0,40,10000,6.69,290,802,Clouds,scattered clouds,2025-11-20 02:00:00+00:00,1017.0,
1763611200,-0.11,-6.14,1017,91,-1.25,0.0,20,10000,7.2,290,801,Clouds,few clouds,2025-11-20 04:00:00+00:00,1017.0,
1763618400,-0.32,-5.76,1018,90,-1.59,0.0,20,10000,5.81,290,801,Clouds,few clouds,2025-11-20 06:00:00+00:00,1018.0,
1763625600,-0.32,-6.2,1019,91,-1.46,0.0,20,10000,6.71,290,801,Clouds,few clouds,2025-11-20 08:00:00+00:00,1019.0,
1763632800,1.06,-4.01,1019,87,-0.76,0.26,20,10000,5.81,300,801,Clouds,few clouds,2025-11-20 10:00:00+00:00,1019.0,
1763640000,3.61,-1.35,1021,81,0.66,0.63,20,10000,7.2,300,801,Clouds,few clouds,2025-11-20 12:00:00+00:00,1021.8678508966252,1018.8863080000002
1763647200,4.76,0.13,1021,76,0.9,0.48,20,10000,7.2,300,801,Clouds,few clouds,2025-11-20 14:00:00+00:00,1021.0,
1763654400,4.13,-0.28,1021,77,0.47,0.0,20,10000,6.17,300,801,Clouds,few clouds,2025-11-20 16:00:00+00:00,1020.9675454610355,1017.9819542678573
1763661600,2.36,-2.75,1021,84,-0.05,0.0,20,10000,6.69,300,801,Clouds,few clouds,2025-11-20 18:00:00+00:00,1021.0,
1763668800,1.23,-3.17,1023,85,-0.89,0.0,20,10000,4.63,280,801,Clouds,few clouds,2025-11-20 20:00:00+00:00,1023.0,
1763676000,0.96,-3.67,1023,84,-1.27,0.0,20,10000,4.92,300,801,Clouds,few clouds,2025-11-20 22:00:00+00:00,1023.0,
1763683200,0.25,-4.39,1025,87,-1.46,0.0,20,10000,4.63,270,801,Clouds,few clouds,2025-11-21 00:00:00+00:00,1025.0,
1763690400,0.06,-4.79,1026,86,-1.77,0.0,20,10000,4.92,290,801,Clouds,few clouds,2025-11-21 02:00:00+00:00,1026.0,
1763697600,-0.13,-5.03,1025,89,-1.54,0.0,20,10000,4.92,270,801,Clouds,few clouds,2025-11-21 04:00:00+00:00,1025.0,
1763704800,-0.27,-4.93,1026,88,-1.81,0.0,20,10000,4.47,270,801,Clouds,few clouds,2025-11-21 06:00:00+00:00,1026.0,
1763712000,-0.72,-4.85,1026,87,-2.39,0.0,40,10000,3.58,260,601,Snow,snow,2025-11-21 08:00:00+00:00,1027.6578570651575,1024.7023494017856
1763719200,1.76,-2.2,1026,84,-0.57,0.26,75,10000,4.12,180,501,Rain,moderate rain,2025-11-21 10:00:00+00:00,1026.0,
1763726400,5.13,3.46,1026,77,1.44,0.63,75,10000,2.06,230,502,Rain,heavy intensity rain,2025-11-21 12:00:00+00:00,1026.0,
1763733600,6.06,2.38,1025,60,-0.98,0.44,75,10000,5.66,210,501,Rain,moderate rain,2025-11-21 14:00:00+00:00,1025.0,
1763740800,5.74,1.22,1023,62,-0.85,0.0,75,10000,7.72,210,502,Rain,heavy intensity rain,2025-11-21 16:00:00+00:00,1023.0,
1763748000,6.46,1.85,1022,71,1.59,0.0,75,10000,8.75,210,502,Rain,heavy intensity rain,2025-11-21 18:00:00+00:00,1022.0,
1763755200,7.71,3.36,1020,77,3.94,0.0,75,10000,9.26,210,502,Rain,heavy intensity rain,2025-11-21 20:00:00+00:00,1020.0,
1763762400,8.17,3.84,1018,85,5.8,0.0,75,10000,9.77,210,502,Rain,heavy intensity rain,2025-11-21 22:00:00+00:00,1018.0,
1763769600,9.15,5.14,1016,87,7.1,0.0,75,10000,9.77,220,300,Drizzle,light intensity drizzle,2025-11-22 00:00:00+00:00,1016.0,
1763776800,8.65,5.3,1015,91,7.27,0.0,75,10000,6.69,240,803,Clouds,broken clouds,2025-11-22 02:00:00+00:00,1015.0,
1763784000,7.78,5.21,1015,90,6.24,0.0,75,10000,4.12,250,502,Rain,heavy intensity rain,2025-11-22 04:00:00+00:00,1015.0,
1763791200,6.25,2.62,1014,92,5.05,0.0,75,900,5.66,280,741,Fog,fog,2025-11-22 06:00:00+00:00,1014.0,
1763798400,6.31,2.69,1015,94,5.42,0.0,100,600,5.66,220,741,Fog,fog,2025-11-22 08:00:00+00:00,1015.0,
1763805600,7.58,4.3,1013,92,6.37,0.26,75,10000,5.66,230,502,Rain,heavy intensity rain,2025-11-22 10:00:00+00:00,1011.797027333879,1008.770200160714
1763812800,9.22,6.37,1012,87,7.17,0.65,75,10000,5.66,230,502,Rain,heavy intensity rain,2025-11-22 12:00:00+00:00,1012.0,
1763820000,8.78,6.22,1011,89,7.07,0.46,40,10000,4.63,240,502,Rain,heavy intensity rain,2025-11-22 14:00:00+00:00,1011.0,
1763827200,8.31,6.13,1011,86,6.11,0.0,40,10000,3.6,230,802,Clouds,scattered clouds,2025-11-22 16:00:00+00:00,1011.0,
1763834400,6.86,5.48,1009,88,5.01,0.0,40,10000,2.06,230,500,Rain,light rain,2025-11-22 18:00:00+00:00,1007.9077271027126,1004.8634113749998
1763841600,5.64,3.6,1007,89,3.97,0.0,20,10000,2.57,210,500,Rain,light rain,2025-11-22 20:00:00+00:00,1007.0,
1763848800,7.49,5.44,1004,90,5.96,0.0,75,10000,3.09,190,500,Rain,light rain,2025-11-22 22:00:00+00:00,1004.0,
1763856000,8.81,5.35,1000,88,6.93,0.0,75,10000,7.2,200,500,Rain,light rain,2025-11-23 00:00:00+00:00,1000.0,
1763863200,9.61,6.24,996,91,8.21,0.0,75,3500,7.72,210,501,Rain,moderate rain,2025-11-23 02:00:00+00:00,996.0,
1763870400,8.02,3.77,997,88,6.16,0.0,20,10000,9.26,240,500,Rain,light rain,2025-11-23 04:00:00+00:00,997.0,
1763877600,6.38,1.75,997,86,4.21,0.0,20,10000,8.75,240,500,Rain,light rain,2025-11-23 06:00:00+00:00,997.0,
1763884800,6.41,2.09,996,81,3.39,0.0,20,10000,7.72,240,801,Clouds,few clouds,2025-11-23 08:00:00+00:00,996.0,
1763892000,6.92,3.27,998,79,3.53,0.25,20,10000,6.17,250,801,Clouds,few clouds,2025-11-23 10:00:00+00:00,995.6231136688795,992.5235591785714
1763899200,8.82,5.36,997,72,4.06,0.53,20,10000,7.2,250,500,Rain,light rain,2025-11-23 12:00:00+00:00,997.0,
1763906400,8.96,5.4,994,70,3.79,0.31,20,10000,7.72,250,500,Rain,light rain,2025-11-23 14:00:00+00:00,994.0,
1763913600,8.36,4.93,993,71,3.42,0.0,20,10000,6.69,250,500,Rain,light rain,2025-11-23 16:00:00+00:00,993.0,
1763920800,7.44,3.75,991,76,3.49,0.0,20,10000,6.69,240,801,Clouds,few clouds,2025-11-23 18:00:00+00:00,991.0,
1763928000,7.06,3.26,989,78,3.49,0.0,75,10000,6.69,240,520,Rain,light intensity shower rain,2025-11-23 20:00:00+00:00,989.0233970418177,985.8941663893796
1763935200,6.5,1.77,988,86,4.33,0.0,75,10000,9.26,240,500,Rain,light rain,2025-11-23 22:00:00+00:00,988.0,
1763942400,6.58,1.49,987,93,5.53,0.0,75,6000,10.8,260,310,Drizzle,light intensity drizzle rain,2025-11-24 00:00:00+00:00,987.0,
1763949600,6.78,2.57,989,90,5.26,0.0,75,10000,7.72,320,803,Clouds,broken clouds,2025-11-24 02:00:00+00:00,989.0,
1763956800,6.6,2.5,991,89,4.92,0.0,75,10000,7.2,320,803,Clouds,broken clouds,2025-11-24 04:00:00+00:00,991.0,
1763964000,6.76,2.71,994,87,4.75,0.0,75,10000,7.2,310,500,Rain,light rain,2025-11-24 06:00:00+00:00,994.0,
1763971200,6.31,2.69,995,87,4.31,0.0,20,10000,5.66,310,801,Clouds,few clouds,2025-11-24 08:00:00+00:00,995.0,
1763978400,7.39,3.87,998,84,4.87,0.21,40,10000,6.17,330,500,Rain,light rain,2025-11-24 10:00:00+00:00,998.8741314976663,995.7891954732141
1763985600,9.46,6.67,1001,78,5.82,0.55,40,10000,5.66,320,500,Rain,light rain,2025-11-24 12:00:00+00:00,1001.0,
1763992800,9.77,6.45,1003,74,5.36,0.42,20,10000,7.72,350,801,Clouds,few clouds,2025-11-24 14:00:00+00:00,1003.0,
1764000000,9.04,5.97,1005,76,5.04,0.0,40,10000,6.17,340,802,Clouds,scattered clouds,2025-11-24 16:00:00+00:00,1005.0,
1764007200,7.91,4.04,1007,78,4.32,0.0,40,10000,7.72,330,500,Rain,light rain,2025-11-24 18:00:00+00:00,1009.6617267346802,1006.6252980088493
1764014400,6.83,2.64,1009,79,3.45,0.0,75,10000,7.72,320,803,Clouds,broken clouds,2025-11-24 20:00:00+00:00,1009.0,
1764021600,5.62,1.82,1012,81,2.62,0.0,75,10000,5.66,310,500,Rain,light rain,2025-11-24 22:00:00+00:00,1012.0,
1764028800,3.94,-0.52,1013,84,1.49,0.0,75,10000,6.17,300,803,Clouds,broken clouds,2025-11-25 00:00:00+00:00,1013.0,
1764036000,3.69,-1.43,1014,84,1.24,0.0,75,10000,7.72,290,803,Clouds,broken clouds,2025-11-25 02:00:00+00:00,1014.0,
1764043200,3.85,-0.64,1016,84,1.4,0.0,40,10000,6.17,290,500,Rain,light rain,2025-11-25 04:00:00+00:00,1016.0,
1764050400,3.58,-1.39,1017,85,1.3,0.0,40,10000,7.2,300,500,Rain,light rain,2025-11-25 06:00:00+00:00,1017.0,
1764057600,2.6,-2.23,1017,88,0.82,0.0,40,10000,6.17,280,802,Clouds,scattered clouds,2025-11-25 08:00:00+00:00,1017.0,
1764064800,3.47,-0.38,1019,88,1.67,0.24,20,10000,4.63,270,801,Clouds,few clouds,2025-11-25 10:00:00+00:00,1019.0,
1764072000,6.86,4.08,1020,78,3.3,0.57,20,10000,4.12,300,500,Rain,light rain,2025-11-25 12:00:00+00:00,1020.0,
1764079200,7.64,4.8,1020,78,4.05,0.43,20,10000,4.63,290,801,Clouds,few clouds,2025-11-25 14:00:00+00:00,1020.0,
1764086400,6.61,3.83,1020,81,3.59,0.0,40,10000,4.02,280,802,Clouds,scattered clouds,2025-11-25 16:00:00+00:00,1020.0,
1764093600,4.62,3.29,1021,83,1.99,0.0,62,10000,1.68,245,803,Clouds,broken clouds,2025-11-25 18:00:00+00:00,1021.0,
1764100800,2.84,1.43,1022,87,0.89,0.0,20,10000,1.54,0,801,Clouds,few clouds,2025-11-25 20:00:00+00:00,1022.0,
1764108000,2.44,-0.64,1021,88,0.66,0.0,40,10000,3.09,210,500,Rain,light rain,2025-11-25 22:00:00+00:00,1021.0,
1764115200,1.78,-2.17,1019,88,0.01,0.0,40,10000,4.12,170,802,Clouds,scattered clouds,2025-11-26 00:00:00+00:00,1019.0,
1764122400,2.84,-1.44,1018,85,0.57,0.0,75,10000,5.14,200,803,Clouds,broken clouds,2025-11-26 02:00:00+00:00,1018.0,
1764129600,5.99,1.72,1018,80,2.81,0.0,75,10000,7.2,190,803,Clouds,broken clouds,2025-11-26 04:00:00+00:00,1018.0,
1764136800,8.04,4.2,1017,81,4.98,0.0,75,10000,7.72,200,803,Clouds,broken clouds,2025-11-26 06:00:00+00:00,1017.0,
1764144000,9.22,6.2,1015,84,6.66,0.0,75,10000,6.17,200,803,Clouds,broken clouds,2025-11-26 08:00:00+00:00,1015.3128030857207,1012.3017848839283
1764151200,10.27,9.6,1015,86,8.03,0.1,75,10000,7.72,200,803,Clouds,broken clouds,2025-11-26 10:00:00+00:00,1015.0,
1764158400,11.71,11.18,1013,86,9.45,0.08,75,10000,8.23,210,500,Rain,light rain,2025-11-26 12:00:00+00:00,1013.0,
1764165600,12.88,12.47,1012,86,10.6,0.03,75,10000,7.2,220,701,Mist,mist,2025-11-26 14:00:00+00:00,1012.0,
1764172800,12.73,12.38,1011,89,10.97,0.0,75,10000,7.2,240,701,Mist,mist,2025-11-26 16:00:00+00:00,1011.0,
1764180000,13.19,12.86,1011,88,11.25,0.0,75,10000,4.63,240,803,Clouds,broken clouds,2025-11-26 18:00:00+00:00,1011.0,
1764187200,13.52,13.15,1011,85,11.05,0.0,75,10000,4.63,220,500,Rain,light rain,2025-11-26 20:00:00+00:00,1011.0,
1764194400,13.63,13.24,1011,84,10.98,0.0,75,10000,5.14,220,803,Clouds,broken clouds,2025-11-26 22:00:00+00:00,1011.0,
1764201600,13.66,13.3,1010,85,11.19,0.0,75,10000,8.23,220,803,Clouds,broken clouds,2025-11-27 00:00:00+00:00,1010.0,
1764208800,13.72,13.37,1008,85,11.25,0.0,75,10000,6.17,220,803,Clouds,broken clouds,2025-11-27 02:00:00+00:00,1008.0,
1764216000,14.04,13.67,1007,83,11.2,0.0,75,10000,6.17,220,803,Clouds,broken clouds,2025-11-27 04:00:00+00:00,1007.0,
1764223200,14.26,13.96,1006,85,11.78,0.0,75,10000,5.66,230,803,Clouds,broken clouds,2025-11-27 06:00:00+00:00,1006.0,
1764230400,15.07,14.8,1004,83,12.21,0.0,75,10000,8.75,210,803,Clouds,broken clouds,2025-11-27 08:00:00+00:00,1004.0,
1764237600,14.84,14.57,1003,84,12.16,0.16,75,10000,9.77,210,300,Drizzle,light intensity drizzle,2025-11-27 10:00:00+00:00,1003.0,
1764244800,15.39,15.02,1002,78,11.58,0.55,40,10000,10.29,210,802,Clouds,scattered clouds,2025-11-27 12:00:00+00:00,1003.6435324718224,1000.5800424464286
1764252000,12.71,12.26,1004,85,10.26,0.05,75,6000,8.23,240,500,Rain,light rain,2025-11-27 14:00:00+00:00,1004.0,
1764259200,12.16,11.55,1002,81,9.0,0.0,40,10000,9.77,250,802,Clouds,scattered clouds,2025-11-27 16:00:00+00:00,1002.0,
1764266400,11.68,10.76,1004,71,6.6,0.0,20,10000,5.14,240,801,Clouds,few clouds,2025-11-27 18:00:00+00:00,1003.738310520761,1000.675246672566
1764273600,10.7,9.71,1003,72,5.86,0.0,40,10000,7.72,230,802,Clouds,scattered clouds,2025-11-27 20:00:00+00:00,1003.0,
1764280800,10.0,6.37,1004,72,5.19,0.0,20,10000,9.26,220,801,Clouds,few clouds,2025-11-27 22:00:00+00:00,1004.0,
1764288000,10.0,6.61,1004,68,4.37,0.0,40,10000,8.23,230,802,Clouds,scattered clouds,2025-11-28 00:00:00+00:00,1004.0,
1764295200,9.83,6.81,1006,69,4.42,0.0,20,10000,6.71,230,801,Clouds,few clouds,2025-11-28 02:00:00+00:00,1006.0,
1764302400,10.0,6.61,1003,68,4.37,0.0,75,10000,8.23,230,500,Rain,light rain,2025-11-28 04:00:00+00:00,1003.0,
1764309600,9.23,5.48,1004,76,5.22,0.0,75,8000,8.75,250,520,Rain,light intensity shower rain,2025-11-28 06:00:00+00:00,1004.0,
1764316800,9.58,5.94,1002,77,5.75,0.0,75,10000,8.75,210,500,Rain,light rain,2025-11-28 08:00:00+00:00,1002.0,
1764324000,6.47,2.17,1001,86,4.3,0.13,75,10000,7.72,220,501,Rain,moderate rain,2025-11-28 10:00:00+00:00,1002.0220843349881,998.951303336283
1764331200,8.13,4.04,1001,78,4.53,0.49,20,10000,8.75,230,801,Clouds,few clouds,2025-11-28 12:00:00+00:00,1001.0,
1764338400,8.84,5.1,1002,72,4.08,0.36,40,10000,8.23,230,802,Clouds,scattered clouds,2025-11-28 14:00:00+00:00,1002.0,
1764345600,8.33,4.44,1002,75,4.16,0.0,20,10000,8.23,230,801,Clouds,few clouds,2025-11-28 16:00:00+00:00,1003.0094737502802,999.943132628319
1764352800,7.71,4.27,1004,74,3.37,0.0,20,10000,6.17,230,500,Rain,light rain,2025-11-28 18:00:00+00:00,1004.0,
1764360000,7.99,4.63,1004,71,3.06,0.0,20,10000,6.17,230,500,Rain,light rain,2025-11-28 20:00:00+00:00,1004.0,
1764367200,7.15,2.9,1003,73,2.64,0.0,40,10000,8.23,220,802,Clouds,scattered clouds,2025-11-28 22:00:00+00:00,1003.0,
1764374400,6.12,3.79,1004,77,2.4,0.0,20,10000,3.09,200,801,Clouds,few clouds,2025-11-29 00:00:00+00:00,1004.0,
1764381600,5.87,3.16,1000,79,2.51,0.0,20,10000,3.6,240,801,Clouds,few clouds,2025-11-29 02:00:00+00:00,1000.0,
1764388800,5.11,2.97,1000,82,2.3,0.0,20,10000,2.57,240,801,Clouds,few clouds,2025-11-29 04:00:00+00:00,1000.0,
1764396000,5.34,2.21,1000,82,2.52,0.0,75,10000,4.12,250,803,Clouds,broken clouds,2025-11-29 06:00:00+00:00,1000.0,
1764403200,4.79,1.26,1000,88,2.97,0.0,75,10000,4.63,260,300,Drizzle,light intensity drizzle,2025-11-29 08:00:00+00:00,1000.0,
1764410400,4.48,0.87,1002,90,2.99,0.08,75,8000,4.63,300,502,Rain,heavy intensity rain,2025-11-29 10:00:00+00:00,1002.0,
1764417600,5.32,1.23,1001,92,4.13,0.27,75,10000,6.17,310,803,Clouds,broken clouds,2025-11-29 12:00:00+00:00,1001.0,
1764424800,6.43,2.12,1003,83,3.76,0.31,75,10000,7.72,320,803,Clouds,broken clouds,2025-11-29 14:00:00+00:00,1003.0,
1764432000,5.62,0.75,1004,80,2.45,0.0,75,10000,8.75,320,500,Rain,light rain,2025-11-29 16:00:00+00:00,1003.3896133469444,1000.3249815535718
1764439200,4.61,0.55,1007,81,1.64,0.0,75,10000,5.66,300,803,Clouds,broken clouds,2025-11-29 18:00:00+00:00,1007.0,
1764446400,3.19,-1.25,1009,84,0.75,0.0,20,10000,5.66,290,801,Clouds,few clouds,2025-11-29 20:00:00+00:00,1008.753136858117,1005.7126225840709
1764453600,2.35,-2.31,1011,87,0.41,0.0,0,10000,5.66,270,800,Clear,clear sky,2025-11-29 22:00:00+00:00,1011.0,
1764460800,2.59,-1.18,1012,84,0.16,0.0,0,10000,4.12,260,800,Clear,clear sky,2025-11-30 00:00:00+00:00,1012.0,
1764468000,2.5,-1.29,1009,85,0.24,0.0,40,10000,4.12,250,802,Clouds,scattered clouds,2025-11-30 02:00:00+00:00,1009.0,
1764475200,3.51,0.65,1012,83,0.9,0.0,75,10000,3.09,250,803,Clouds,broken clouds,2025-11-30 04:00:00+00:00,1012.0,
1764482400,3.58,0.73,1013,85,1.3,0.0,40,10000,3.09,250,802,Clouds,scattered clouds,2025-11-30 06:00:00+00:00,1013.0,
1764489600,3.56,0.71,1013,88,1.76,0.0,40,10000,3.09,250,802,Clouds,scattered clouds,2025-11-30 08:00:00+00:00,1013.0,
1764496800,3.75,0.25,1012,88,1.95,0.2,20,10000,4.12,260,801,Clouds,few clouds,2025-11-30 10:00:00+00:00,1012.0,
1764504000,6.57,4.71,1012,78,3.01,0.49,75,10000,2.57,230,803,Clouds,broken clouds,2025-11-30 12:00:00+00:00,1012.0,
1764511200,7.36,7.36,1010,78,3.78,0.32,100,10000,0.89,237,804,Clouds,overcast clouds,2025-11-30 14:00:00+00:00,1010.0,
1764518400,7.11,5.77,1007,77,3.36,0.0,75,10000,2.06,170,803,Clouds,broken clouds,2025-11-30 16:00:00+00:00,1006.8420360246033,1003.7929283303572
1764525600,8.25,6.35,1005,78,4.65,0.0,75,10000,3.09,140,500,Rain,light rain,2025-11-30 18:00:00+00:00,1004.0952924499402,1001.0338338
1764532800,8.32,5.43,1002,88,6.45,0.0,75,10000,5.14,150,500,Rain,light rain,2025-11-30 20:00:00+00:00,1002.0,
1764540000,10.36,9.7,998,86,8.12,0.0,75,10000,10.8,200,501,Rain,moderate rain,2025-11-30 22:00:00+00:00,998.0,
1764547200,11.14,10.58,995,87,9.06,0.0,75,10000,11.83,200,500,Rain,light rain,2025-12-01 00:00:00+00:00,995.0,
1764554400,12.34,11.95,993,89,10.58,0.0,75,10000,8.75,210,500,Rain,light rain,2025-12-01 02:00:00+00:00,993.0,
1764561600,10.76,10.24,993,90,9.19,0.0,75,8000,8.23,270,500,Rain,light rain,2025-12-01 04:00:00+00:00,993.0,
1764568800,9.2,6.96,992,91,7.81,0.0,75,8000,4.12,230,500,Rain,light rain,2025-12-01 06:00:00+00:00,992.0,
1764576000,8.9,6.85,991,90,7.35,0.0,75,10000,3.6,190,500,Rain,light rain,2025-12-01 08:00:00+00:00,991.0,
1764583200,8.56,7.46,990,92,7.34,0.02,75,10000,2.06,130,500,Rain,light rain,2025-12-01 10:00:00+00:00,990.0,
1764590400,9.63,8.71,988,92,8.4,0.07,75,10000,2.06,110,803,Clouds,broken clouds,2025-12-01 12:00:00+00:00,988.0,
